{"statistics": {"evaluated_expectations": 22, "successful_expectations": 21, "unsuccessful_expectations": 1, "success_percent": 95.45454545454545}, "results": [{"result": {"observed_value": 10000}, "exception_info": {"raised_exception": false, "exception_message": null, "exception_traceback": null}, "expectation_config": {"meta": {}, "expectation_type": "expect_table_row_count_to_be_between", "kwargs": {"max_value": 20000, "min_value": 1000, "result_format": {"result_format": "SUMMARY"}}}, "success": true, "meta": {}}, {"result": {"observed_value": 6}, "exception_info": {"raised_exception": false, "exception_message": null, "exception_traceback": null}, "expectation_config": {"meta": {}, "expectation_type": "expect_table_column_count_to_equal", "kwargs": {"value": 6, "result_format": {"result_format": "SUMMARY"}}}, "success": true, "meta": {}}, {"result": {"observed_value": ["user_id", "start_time", "end_time", "title", "description", "service"]}, "exception_info": {"raised_exception": false, "exception_message": null, "exception_traceback": null}, "expectation_config": {"meta": {}, "expectation_type": "expect_table_columns_to_match_ordered_list", "kwargs": {"column_list": ["user_id", "start_time", "end_time", "title", "description", "service"], "result_format": {"result_format": "SUMMARY"}}}, "success": true, "meta": {}}, {"result": {"unexpected_percent": 0.02}, "exception_info": {"raised_exception": false, "exception_message": null, "exception_traceback": null}, "expectation_config": {"meta": {}, "expectation_type": "expect_compound_columns_to_be_unique", "kwargs": {"column_list": ["user_id", "start_time"], "ignore_row_if": "never", "result_format": {"result_format": "SUMMARY"}}}, "success": false, "meta": {}}, {"result": {"element_count": 10000, "unexpected_count": 0, "unexpected_percent": 0.0, "unexpected_percent_total": 0.0, "partial_unexpected_list": []}, "exception_info": {"raised_exception": false, "exception_message": null, "exception_traceback": null}, "expectation_config": {"meta": {}, "expectation_type": "expect_column_values_to_not_be_null", "kwargs": {"column": "user_id", "result_format": {"result_format": "SUMMARY"}}}, "success": true, "meta": {}}, {"result": {"observed_value": "INTEGER"}, "exception_info": {"raised_exception": false, "exception_message": null, "exception_traceback": null}, "expectation_config": {"meta": {}, "expectation_type": "expect_column_values_to_be_of_type", "kwargs": {"column": "user_id", "type_": "INTEGER", "result_format": {"result_format": "SUMMARY"}}}, "success": true, "meta": {}}, {"result": {"observed_value": 0.0123, "element_count": 10000, "missing_count": null, "missing_percent": null}, "exception_info": {"raised_exception": false, "exception_message": null, "exception_traceback": null}, "expectation_config": {"meta": {}, "expectation_type": "expect_column_proportion_of_unique_values_to_be_between", "kwargs": {"column": "user_id", "min_value": 0.005, "result_format": {"result_format": "SUMMARY"}}}, "success": true, "meta": {}}, {"result": {"element_count": 10000, "missing_count": 0, "missing_percent": 0.0, "unexpected_count": 0, "unexpected_percent": 0.0, "unexpected_percent_total": 0.0, "unexpected_percent_nonmissing": 0.0, "partial_unexpected_list": [], "partial_unexpected_index_list": null, "partial_unexpected_counts": []}, "exception_info": {"raised_exception": false, "exception_message": null, "exception_traceback": null}, "expectation_config": {"meta": {}, "expectation_type": "expect_column_values_to_be_between", "kwargs": {"column": "user_id", "min_value": 10000, "result_format": {"result_format": "SUMMARY"}}}, "success": true, "meta": {}}, {"result": {"element_count": 10000, "unexpected_count": 0, "unexpected_percent": 0.0, "unexpected_percent_total": 0.0, "partial_unexpected_list": []}, "exception_info": {"raised_exception": false, "exception_message": null, "exception_traceback": null}, "expectation_config": {"meta": {}, "expectation_type": "expect_column_values_to_not_be_null", "kwargs": {"column": "start_time", "result_format": {"result_format": "SUMMARY"}}}, "success": true, "meta": {}}, {"result": {"observed_value": "TIMESTAMP"}, "exception_info": {"raised_exception": false, "exception_message": null, "exception_traceback": null}, "expectation_config": {"meta": {}, "expectation_type": "expect_column_values_to_be_of_type", "kwargs": {"column": "start_time", "type_": "TIMESTAMP", "result_format": {"result_format": "SUMMARY"}}}, "success": true, "meta": {}}, {"result": {"element_count": 10000, "missing_count": 0, "missing_percent": 0.0, "unexpected_count": 0, "unexpected_percent": 0.0, "unexpected_percent_total": 0.0, "unexpected_percent_nonmissing": 0.0, "partial_unexpected_list": [], "partial_unexpected_index_list": null, "partial_unexpected_counts": []}, "exception_info": {"raised_exception": false, "exception_message": null, "exception_traceback": null}, "expectation_config": {"meta": {}, "expectation_type": "expect_column_values_to_be_between", "kwargs": {"column": "start_time", "max_value": "2030-01-01 00:00:00", "min_value": "2012-01-01 00:00:00", "parse_strings_as_datetimes": true, "result_format": {"result_format": "SUMMARY"}}}, "success": true, "meta": {}}, {"result": {"element_count": 10000, "unexpected_count": 0, "unexpected_percent": 0.0, "unexpected_percent_total": 0.0, "partial_unexpected_list": []}, "exception_info": {"raised_exception": false, "exception_message": null, "exception_traceback": null}, "expectation_config": {"meta": {}, "expectation_type": "expect_column_values_to_not_be_null", "kwargs": {"column": "end_time", "result_format": {"result_format": "SUMMARY"}}}, "success": true, "meta": {}}, {"result": {"observed_value": "TIMESTAMP"}, "exception_info": {"raised_exception": false, "exception_message": null, "exception_traceback": null}, "expectation_config": {"meta": {}, "expectation_type": "expect_column_values_to_be_of_type", "kwargs": {"column": "end_time", "type_": "TIMESTAMP", "result_format": {"result_format": "SUMMARY"}}}, "success": true, "meta": {}}, {"result": {"element_count": 10000, "missing_count": 0, "missing_percent": 0.0, "unexpected_count": 0, "unexpected_percent": 0.0, "unexpected_percent_total": 0.0, "unexpected_percent_nonmissing": 0.0, "partial_unexpected_list": [], "partial_unexpected_index_list": null, "partial_unexpected_counts": []}, "exception_info": {"raised_exception": false, "exception_message": null, "exception_traceback": null}, "expectation_config": {"meta": {}, "expectation_type": "expect_column_values_to_be_between", "kwargs": {"column": "end_time", "max_value": "2030-01-01 00:00:00", "min_value": "2012-01-01 00:00:00", "parse_strings_as_datetimes": true, "result_format": {"result_format": "SUMMARY"}}}, "success": true, "meta": {}}, {"result": {"element_count": 10000, "unexpected_count": 0, "unexpected_percent": 0.0, "unexpected_percent_total": 0.0, "partial_unexpected_list": []}, "exception_info": {"raised_exception": false, "exception_message": null, "exception_traceback": null}, "expectation_config": {"meta": {}, "expectation_type": "expect_column_values_to_not_be_null", "kwargs": {"column": "title", "result_format": {"result_format": "SUMMARY"}}}, "success": true, "meta": {}}, {"result": {"observed_value": "TEXT"}, "exception_info": {"raised_exception": false, "exception_message": null, "exception_traceback": null}, "expectation_config": {"meta": {}, "expectation_type": "expect_column_values_to_be_of_type", "kwargs": {"column": "title", "type_": "TEXT", "result_format": {"result_format": "SUMMARY"}}}, "success": true, "meta": {}}, {"result": {"element_count": 10000, "missing_count": 0, "missing_percent": 0.0, "unexpected_count": 0, "unexpected_percent": 0.0, "unexpected_percent_total": 0.0, "unexpected_percent_nonmissing": 0.0, "partial_unexpected_list": [], "partial_unexpected_index_list": null, "partial_unexpected_counts": []}, "exception_info": {"raised_exception": false, "exception_message": null, "exception_traceback": null}, "expectation_config": {"meta": {}, "expectation_type": "expect_column_value_lengths_to_be_between", "kwargs": {"column": "title", "max_value": null, "min_value": 8, "mostly": 0.98, "result_format": {"result_format": "SUMMARY"}}}, "success": true, "meta": {}}, {"result": {"element_count": 10000, "unexpected_count": 0, "unexpected_percent": 0.0, "unexpected_percent_total": 0.0, "partial_unexpected_list": []}, "exception_info": {"raised_exception": false, "exception_message": null, "exception_traceback": null}, "expectation_config": {"meta": {}, "expectation_type": "expect_column_values_to_not_be_null", "kwargs": {"column": "description", "result_format": {"result_format": "SUMMARY"}}}, "success": true, "meta": {}}, {"result": {"element_count": 10000, "unexpected_count": 0, "unexpected_percent": 0.0, "unexpected_percent_total": 0.0, "partial_unexpected_list": []}, "exception_info": {"raised_exception": false, "exception_message": null, "exception_traceback": null}, "expectation_config": {"meta": {}, "expectation_type": "expect_column_values_to_not_be_null", "kwargs": {"column": "service", "result_format": {"result_format": "SUMMARY"}}}, "success": true, "meta": {}}, {"result": {"observed_value": "TEXT"}, "exception_info": {"raised_exception": false, "exception_message": null, "exception_traceback": null}, "expectation_config": {"meta": {}, "expectation_type": "expect_column_values_to_be_of_type", "kwargs": {"column": "service", "type_": "TEXT", "result_format": {"result_format": "SUMMARY"}}}, "success": true, "meta": {}}, {"result": {"observed_value": ["Connect", "Disconnect", "Setup Environment"], "element_count": 10000, "missing_count": null, "missing_percent": null, "details": {"value_counts": [{"value": "Connect", "count": 3299}, {"value": "Disconnect", "count": 3346}, {"value": "Setup Environment", "count": 3355}]}}, "exception_info": {"raised_exception": false, "exception_message": null, "exception_traceback": null}, "expectation_config": {"meta": {}, "expectation_type": "expect_column_distinct_values_to_equal_set", "kwargs": {"column": "service", "value_set": ["Connect", "Disconnect", "Setup Environment"], "result_format": {"result_format": "SUMMARY"}}}, "success": true, "meta": {}}, {"result": {"observed_value": 2.717277142499615e-05, "element_count": 10000, "missing_count": null, "missing_percent": null, "details": {"observed_partition": {"values": ["Connect", "Disconnect", "Setup Environment"], "weights": [0.3299, 0.3346, 0.3355]}, "expected_partition": {"values": ["Connect", "Disconnect", "Setup Environment"], "weights": [0.3333333333333333, 0.3333333333333333, 0.3333333333333333]}}}, "exception_info": {"raised_exception": false, "exception_message": null, "exception_traceback": null}, "expectation_config": {"meta": {}, "expectation_type": "expect_column_kl_divergence_to_be_less_than", "kwargs": {"column": "service", "partition_object": {"values": ["Connect", "Disconnect", "Setup Environment"], "weights": [0.3333333333333333, 0.3333333333333333, 0.3333333333333333]}, "threshold": 0.6, "result_format": {"result_format": "SUMMARY"}}}, "success": true, "meta": {}}], "success": false, "evaluation_parameters": {}, "meta": {"great_expectations_version": "0.13.19", "expectation_suite_name": "sperfilyev.ods_issue.check", "run_id": {"run_time": "2021-05-01T16:42:34.267876+00:00", "run_name": "20210501T164234.267876Z"}, "batch_kwargs": {"data_asset_name": "sperfilyev.ods_t_issue", "datasource": "sperfilyev_db", "schema": "sperfilyev", "table": "ods_t_issue"}, "batch_markers": {"ge_load_time": "20210501T164233.510372Z"}, "batch_parameters": null, "validation_time": "20210501T164234.267876Z"}}