{"results": [{"exception_info": {"raised_exception": false, "exception_message": null, "exception_traceback": null}, "meta": {}, "success": true, "result": {"observed_value": 10000}, "expectation_config": {"meta": {}, "kwargs": {"max_value": 20000, "min_value": 1000, "result_format": {"result_format": "SUMMARY"}}, "expectation_type": "expect_table_row_count_to_be_between"}}, {"exception_info": {"raised_exception": false, "exception_message": null, "exception_traceback": null}, "meta": {}, "success": true, "result": {"observed_value": ["user_id", "pay_doc_type", "pay_doc_num", "account", "phone", "billing_period", "pay_date", "pay_sum"]}, "expectation_config": {"meta": {}, "kwargs": {"column_list": ["user_id", "pay_doc_type", "pay_doc_num", "account", "phone", "billing_period", "pay_date", "pay_sum"], "result_format": {"result_format": "SUMMARY"}}, "expectation_type": "expect_table_columns_to_match_ordered_list"}}, {"exception_info": {"raised_exception": false, "exception_message": null, "exception_traceback": null}, "meta": {}, "success": true, "result": {"observed_value": 8}, "expectation_config": {"meta": {}, "kwargs": {"value": 8, "result_format": {"result_format": "SUMMARY"}}, "expectation_type": "expect_table_column_count_to_equal"}}, {"exception_info": {"raised_exception": false, "exception_message": null, "exception_traceback": null}, "meta": {}, "success": false, "result": {"unexpected_percent": 0.02}, "expectation_config": {"meta": {}, "kwargs": {"column_list": ["user_id", "pay_doc_type", "pay_doc_num"], "ignore_row_if": "never", "result_format": {"result_format": "SUMMARY"}}, "expectation_type": "expect_compound_columns_to_be_unique"}}, {"exception_info": {"raised_exception": false, "exception_message": null, "exception_traceback": null}, "meta": {}, "success": true, "result": {"element_count": 10000, "unexpected_count": 0, "unexpected_percent": 0.0, "unexpected_percent_total": 0.0, "partial_unexpected_list": []}, "expectation_config": {"meta": {}, "kwargs": {"column": "user_id", "result_format": {"result_format": "SUMMARY"}}, "expectation_type": "expect_column_values_to_not_be_null"}}, {"exception_info": {"raised_exception": false, "exception_message": null, "exception_traceback": null}, "meta": {}, "success": true, "result": {"observed_value": "INTEGER"}, "expectation_config": {"meta": {}, "kwargs": {"column": "user_id", "type_": "INTEGER", "result_format": {"result_format": "SUMMARY"}}, "expectation_type": "expect_column_values_to_be_of_type"}}, {"exception_info": {"raised_exception": false, "exception_message": null, "exception_traceback": null}, "meta": {}, "success": true, "result": {"observed_value": 0.0123, "element_count": 10000, "missing_count": null, "missing_percent": null}, "expectation_config": {"meta": {}, "kwargs": {"column": "user_id", "min_value": 0.005, "result_format": {"result_format": "SUMMARY"}}, "expectation_type": "expect_column_proportion_of_unique_values_to_be_between"}}, {"exception_info": {"raised_exception": false, "exception_message": null, "exception_traceback": null}, "meta": {}, "success": true, "result": {"element_count": 10000, "missing_count": 0, "missing_percent": 0.0, "unexpected_count": 0, "unexpected_percent": 0.0, "unexpected_percent_total": 0.0, "unexpected_percent_nonmissing": 0.0, "partial_unexpected_list": [], "partial_unexpected_index_list": null, "partial_unexpected_counts": []}, "expectation_config": {"meta": {}, "kwargs": {"column": "user_id", "min_value": 10000, "result_format": {"result_format": "SUMMARY"}}, "expectation_type": "expect_column_values_to_be_between"}}, {"exception_info": {"raised_exception": false, "exception_message": null, "exception_traceback": null}, "meta": {}, "success": true, "result": {"element_count": 10000, "unexpected_count": 0, "unexpected_percent": 0.0, "unexpected_percent_total": 0.0, "partial_unexpected_list": []}, "expectation_config": {"meta": {}, "kwargs": {"column": "pay_doc_type", "result_format": {"result_format": "SUMMARY"}}, "expectation_type": "expect_column_values_to_not_be_null"}}, {"exception_info": {"raised_exception": false, "exception_message": null, "exception_traceback": null}, "meta": {}, "success": true, "result": {"observed_value": "TEXT"}, "expectation_config": {"meta": {}, "kwargs": {"column": "pay_doc_type", "type_": "TEXT", "result_format": {"result_format": "SUMMARY"}}, "expectation_type": "expect_column_values_to_be_of_type"}}, {"exception_info": {"raised_exception": false, "exception_message": null, "exception_traceback": null}, "meta": {}, "success": true, "result": {"observed_value": ["MASTER", "MIR", "VISA"], "element_count": 10000, "missing_count": null, "missing_percent": null, "details": {"value_counts": [{"value": "MASTER", "count": 3249}, {"value": "MIR", "count": 3429}, {"value": "VISA", "count": 3322}]}}, "expectation_config": {"meta": {}, "kwargs": {"column": "pay_doc_type", "value_set": ["MASTER", "MIR", "VISA"], "result_format": {"result_format": "SUMMARY"}}, "expectation_type": "expect_column_distinct_values_to_equal_set"}}, {"exception_info": {"raised_exception": false, "exception_message": null, "exception_traceback": null}, "meta": {}, "success": true, "result": {"observed_value": "INTEGER"}, "expectation_config": {"meta": {}, "kwargs": {"column": "pay_doc_num", "type_": "INTEGER", "result_format": {"result_format": "SUMMARY"}}, "expectation_type": "expect_column_values_to_be_of_type"}}, {"exception_info": {"raised_exception": false, "exception_message": null, "exception_traceback": null}, "meta": {}, "success": true, "result": {"element_count": 10000, "unexpected_count": 0, "unexpected_percent": 0.0, "unexpected_percent_total": 0.0, "partial_unexpected_list": []}, "expectation_config": {"meta": {}, "kwargs": {"column": "pay_doc_num", "result_format": {"result_format": "SUMMARY"}}, "expectation_type": "expect_column_values_to_not_be_null"}}, {"exception_info": {"raised_exception": false, "exception_message": null, "exception_traceback": null}, "meta": {}, "success": true, "result": {"element_count": 10000, "missing_count": 0, "missing_percent": 0.0, "unexpected_count": 0, "unexpected_percent": 0.0, "unexpected_percent_total": 0.0, "unexpected_percent_nonmissing": 0.0, "partial_unexpected_list": [], "partial_unexpected_index_list": null, "partial_unexpected_counts": []}, "expectation_config": {"meta": {}, "kwargs": {"column": "pay_doc_num", "min_value": 1, "result_format": {"result_format": "SUMMARY"}}, "expectation_type": "expect_column_values_to_be_between"}}, {"exception_info": {"raised_exception": false, "exception_message": null, "exception_traceback": null}, "meta": {}, "success": true, "result": {"element_count": 10000, "unexpected_count": 0, "unexpected_percent": 0.0, "unexpected_percent_total": 0.0, "partial_unexpected_list": []}, "expectation_config": {"meta": {}, "kwargs": {"column": "account", "result_format": {"result_format": "SUMMARY"}}, "expectation_type": "expect_column_values_to_not_be_null"}}, {"exception_info": {"raised_exception": false, "exception_message": null, "exception_traceback": null}, "meta": {}, "success": true, "result": {"observed_value": 0.9071, "element_count": 10000, "missing_count": null, "missing_percent": null}, "expectation_config": {"meta": {}, "kwargs": {"column": "account", "min_value": 0.01, "result_format": {"result_format": "SUMMARY"}}, "expectation_type": "expect_column_proportion_of_unique_values_to_be_between"}}, {"exception_info": {"raised_exception": false, "exception_message": null, "exception_traceback": null}, "meta": {}, "success": true, "result": {"observed_value": "TEXT"}, "expectation_config": {"meta": {}, "kwargs": {"column": "account", "type_": "TEXT", "result_format": {"result_format": "SUMMARY"}}, "expectation_type": "expect_column_values_to_be_of_type"}}, {"exception_info": {"raised_exception": false, "exception_message": null, "exception_traceback": null}, "meta": {}, "success": true, "result": {"element_count": 10000, "missing_count": 0, "missing_percent": 0.0, "unexpected_count": 0, "unexpected_percent": 0.0, "unexpected_percent_total": 0.0, "unexpected_percent_nonmissing": 0.0, "partial_unexpected_list": [], "partial_unexpected_index_list": null, "partial_unexpected_counts": []}, "expectation_config": {"meta": {}, "kwargs": {"column": "account", "regex": "^FL-\\d{1,5}$", "result_format": {"result_format": "SUMMARY"}}, "expectation_type": "expect_column_values_to_match_regex"}}, {"exception_info": {"raised_exception": false, "exception_message": null, "exception_traceback": null}, "meta": {}, "success": true, "result": {"element_count": 10000, "unexpected_count": 0, "unexpected_percent": 0.0, "unexpected_percent_total": 0.0, "partial_unexpected_list": []}, "expectation_config": {"meta": {}, "kwargs": {"column": "phone", "result_format": {"result_format": "SUMMARY"}}, "expectation_type": "expect_column_values_to_not_be_null"}}, {"exception_info": {"raised_exception": false, "exception_message": null, "exception_traceback": null}, "meta": {}, "success": true, "result": {"observed_value": "TEXT"}, "expectation_config": {"meta": {}, "kwargs": {"column": "phone", "type_": "TEXT", "result_format": {"result_format": "SUMMARY"}}, "expectation_type": "expect_column_values_to_be_of_type"}}, {"exception_info": {"raised_exception": false, "exception_message": null, "exception_traceback": null}, "meta": {}, "success": true, "result": {"element_count": 10000, "missing_count": 0, "missing_percent": 0.0, "unexpected_count": 0, "unexpected_percent": 0.0, "unexpected_percent_total": 0.0, "unexpected_percent_nonmissing": 0.0, "partial_unexpected_list": [], "partial_unexpected_index_list": null, "partial_unexpected_counts": []}, "expectation_config": {"meta": {}, "kwargs": {"column": "phone", "regex": "^\\+79\\d{9}$", "result_format": {"result_format": "SUMMARY"}}, "expectation_type": "expect_column_values_to_match_regex"}}, {"exception_info": {"raised_exception": false, "exception_message": null, "exception_traceback": null}, "meta": {}, "success": true, "result": {"element_count": 10000, "unexpected_count": 0, "unexpected_percent": 0.0, "unexpected_percent_total": 0.0, "partial_unexpected_list": []}, "expectation_config": {"meta": {}, "kwargs": {"column": "billing_period", "result_format": {"result_format": "SUMMARY"}}, "expectation_type": "expect_column_values_to_not_be_null"}}, {"exception_info": {"raised_exception": false, "exception_message": null, "exception_traceback": null}, "meta": {}, "success": true, "result": {"observed_value": "TEXT"}, "expectation_config": {"meta": {}, "kwargs": {"column": "billing_period", "type_": "TEXT", "result_format": {"result_format": "SUMMARY"}}, "expectation_type": "expect_column_values_to_be_of_type"}}, {"exception_info": {"raised_exception": false, "exception_message": null, "exception_traceback": null}, "meta": {}, "success": true, "result": {"observed_value": 0.0099, "element_count": 10000, "missing_count": null, "missing_percent": null}, "expectation_config": {"meta": {}, "kwargs": {"column": "billing_period", "max_value": 0.02, "min_value": 0.005, "result_format": {"result_format": "SUMMARY"}}, "expectation_type": "expect_column_proportion_of_unique_values_to_be_between"}}, {"exception_info": {"raised_exception": false, "exception_message": null, "exception_traceback": null}, "meta": {}, "success": true, "result": {"element_count": 10000, "missing_count": 0, "missing_percent": 0.0, "unexpected_count": 0, "unexpected_percent": 0.0, "unexpected_percent_total": 0.0, "unexpected_percent_nonmissing": 0.0, "partial_unexpected_list": [], "partial_unexpected_index_list": null, "partial_unexpected_counts": []}, "expectation_config": {"meta": {}, "kwargs": {"column": "billing_period", "regex": "^20\\d\\d-\\d\\d$", "result_format": {"result_format": "SUMMARY"}}, "expectation_type": "expect_column_values_to_match_regex"}}, {"exception_info": {"raised_exception": false, "exception_message": null, "exception_traceback": null}, "meta": {}, "success": true, "result": {"element_count": 10000, "missing_count": 0, "missing_percent": 0.0, "unexpected_count": 0, "unexpected_percent": 0.0, "unexpected_percent_total": 0.0, "unexpected_percent_nonmissing": 0.0, "partial_unexpected_list": [], "partial_unexpected_index_list": null, "partial_unexpected_counts": []}, "expectation_config": {"meta": {}, "kwargs": {"column": "billing_period", "max_value": "2030-01", "min_value": "2012-01", "result_format": {"result_format": "SUMMARY"}}, "expectation_type": "expect_column_values_to_be_between"}}, {"exception_info": {"raised_exception": false, "exception_message": null, "exception_traceback": null}, "meta": {}, "success": true, "result": {"element_count": 10000, "unexpected_count": 0, "unexpected_percent": 0.0, "unexpected_percent_total": 0.0, "partial_unexpected_list": []}, "expectation_config": {"meta": {}, "kwargs": {"column": "pay_date", "result_format": {"result_format": "SUMMARY"}}, "expectation_type": "expect_column_values_to_not_be_null"}}, {"exception_info": {"raised_exception": false, "exception_message": null, "exception_traceback": null}, "meta": {}, "success": true, "result": {"observed_value": "DATE"}, "expectation_config": {"meta": {}, "kwargs": {"column": "pay_date", "type_": "DATE", "result_format": {"result_format": "SUMMARY"}}, "expectation_type": "expect_column_values_to_be_of_type"}}, {"exception_info": {"raised_exception": false, "exception_message": null, "exception_traceback": null}, "meta": {}, "success": true, "result": {"element_count": 10000, "missing_count": 0, "missing_percent": 0.0, "unexpected_count": 0, "unexpected_percent": 0.0, "unexpected_percent_total": 0.0, "unexpected_percent_nonmissing": 0.0, "partial_unexpected_list": [], "partial_unexpected_index_list": null, "partial_unexpected_counts": []}, "expectation_config": {"meta": {}, "kwargs": {"column": "pay_date", "max_value": "2030-01-01", "min_value": "2012-01-01", "parse_strings_as_datetimes": true, "result_format": {"result_format": "SUMMARY"}}, "expectation_type": "expect_column_values_to_be_between"}}, {"exception_info": {"raised_exception": false, "exception_message": null, "exception_traceback": null}, "meta": {}, "success": true, "result": {"element_count": 10000, "unexpected_count": 0, "unexpected_percent": 0.0, "unexpected_percent_total": 0.0, "partial_unexpected_list": []}, "expectation_config": {"meta": {}, "kwargs": {"column": "pay_sum", "result_format": {"result_format": "SUMMARY"}}, "expectation_type": "expect_column_values_to_not_be_null"}}, {"exception_info": {"raised_exception": false, "exception_message": null, "exception_traceback": null}, "meta": {}, "success": true, "result": {"observed_value": "NUMERIC"}, "expectation_config": {"meta": {}, "kwargs": {"column": "pay_sum", "type_list": ["NUMERIC", "DECIMAL"], "result_format": {"result_format": "SUMMARY"}}, "expectation_type": "expect_column_values_to_be_in_type_list"}}, {"exception_info": {"raised_exception": false, "exception_message": null, "exception_traceback": null}, "meta": {}, "success": true, "result": {"observed_value": {"quantiles": [0.05, 0.25, 0.5, 0.75, 0.95], "values": [2491.0, 12126.0, 24619.0, 37332.0, 47512.0]}, "element_count": 10000, "missing_count": null, "missing_percent": null, "details": {"success_details": [true, true, true, true, true]}}, "expectation_config": {"meta": {}, "kwargs": {"allow_relative_error": true, "column": "pay_sum", "quantile_ranges": {"quantiles": [0.05, 0.25, 0.5, 0.75, 0.95], "value_ranges": [[2491.0, 2491.0], [12126.0, 12126.0], [24619.0, 24619.0], [37332.0, 37332.0], [47512.0, 47512.0]]}, "result_format": {"result_format": "SUMMARY"}}, "expectation_type": "expect_column_quantile_values_to_be_between"}}, {"exception_info": {"raised_exception": false, "exception_message": null, "exception_traceback": null}, "meta": {}, "success": true, "result": {"element_count": 10000, "missing_count": 0, "missing_percent": 0.0, "unexpected_count": 0, "unexpected_percent": 0.0, "unexpected_percent_total": 0.0, "unexpected_percent_nonmissing": 0.0, "partial_unexpected_list": [], "partial_unexpected_index_list": null, "partial_unexpected_counts": []}, "expectation_config": {"meta": {}, "kwargs": {"column": "pay_sum", "max_value": 300000.0, "min_value": 0.01, "mostly": 0.99, "result_format": {"result_format": "SUMMARY"}}, "expectation_type": "expect_column_values_to_be_between"}}], "evaluation_parameters": {}, "statistics": {"evaluated_expectations": 33, "successful_expectations": 32, "unsuccessful_expectations": 1, "success_percent": 96.96969696969697}, "meta": {"great_expectations_version": "0.13.19", "expectation_suite_name": "sperfilyev.ods_payment.check", "run_id": {"run_time": "2021-05-01T19:15:26.471460+00:00", "run_name": "20210501T191526.471460Z"}, "batch_kwargs": {"table": "ods_t_payment", "schema": "sperfilyev", "data_asset_name": "sperfilyev.ods_t_payment", "datasource": "sperfilyev_db"}, "batch_markers": {"ge_load_time": "20210501T191525.812061Z"}, "batch_parameters": null, "validation_time": "20210501T191526.471460Z"}, "success": false}