{
  "data_asset_type": "Dataset",
  "expectation_suite_name": "sperfilyev.ods_issue.check",
  "expectations": [
    {
      "expectation_type": "expect_table_row_count_to_be_between",
      "kwargs": {
        "max_value": 20000,
        "min_value": 1000
      },
      "meta": {}
    },
    {
      "expectation_type": "expect_table_column_count_to_equal",
      "kwargs": {
        "value": 6
      },
      "meta": {}
    },
    {
      "expectation_type": "expect_table_columns_to_match_ordered_list",
      "kwargs": {
        "column_list": [
          "user_id",
          "start_time",
          "end_time",
          "title",
          "description",
          "service"
        ]
      },
      "meta": {}
    },
    {
      "expectation_type": "expect_column_values_to_not_be_null",
      "kwargs": {
        "column": "user_id"
      },
      "meta": {}
    },
    {
      "expectation_type": "expect_column_values_to_be_of_type",
      "kwargs": {
        "column": "user_id",
        "type_": "INTEGER"
      },
      "meta": {}
    },
    {
      "expectation_type": "expect_column_proportion_of_unique_values_to_be_between",
      "kwargs": {
        "column": "user_id",
        "min_value": 0.005
      },
      "meta": {}
    },
    {
      "expectation_type": "expect_column_values_to_be_between",
      "kwargs": {
        "column": "user_id",
        "min_value": 10000
      },
      "meta": {}
    },
    {
      "expectation_type": "expect_column_values_to_not_be_null",
      "kwargs": {
        "column": "start_time"
      },
      "meta": {}
    },
    {
      "expectation_type": "expect_column_values_to_be_of_type",
      "kwargs": {
        "column": "start_time",
        "type_": "TIMESTAMP"
      },
      "meta": {}
    },
    {
      "expectation_type": "expect_column_values_to_be_between",
      "kwargs": {
        "column": "start_time",
        "max_value": "2030-01-01 00:00:00",
        "min_value": "2012-01-01 00:00:00",
        "parse_strings_as_datetimes": true
      },
      "meta": {}
    },
    {
      "expectation_type": "expect_compound_columns_to_be_unique",
      "kwargs": {
        "column_list": [
          "user_id",
          "start_time"
        ],
        "ignore_row_if": "never"
      },
      "meta": {}
    },
    {
      "expectation_type": "expect_column_values_to_not_be_null",
      "kwargs": {
        "column": "end_time"
      },
      "meta": {}
    },
    {
      "expectation_type": "expect_column_values_to_be_of_type",
      "kwargs": {
        "column": "end_time",
        "type_": "TIMESTAMP"
      },
      "meta": {}
    },
    {
      "expectation_type": "expect_column_values_to_be_between",
      "kwargs": {
        "column": "end_time",
        "max_value": "2030-01-01 00:00:00",
        "min_value": "2012-01-01 00:00:00",
        "parse_strings_as_datetimes": true
      },
      "meta": {}
    },
    {
      "expectation_type": "expect_column_values_to_not_be_null",
      "kwargs": {
        "column": "title"
      },
      "meta": {}
    },
    {
      "expectation_type": "expect_column_values_to_be_of_type",
      "kwargs": {
        "column": "title",
        "type_": "TEXT"
      },
      "meta": {}
    },
    {
      "expectation_type": "expect_column_value_lengths_to_be_between",
      "kwargs": {
        "column": "title",
        "max_value": null,
        "min_value": 8,
        "mostly": 0.98
      },
      "meta": {}
    },
    {
      "expectation_type": "expect_column_values_to_not_be_null",
      "kwargs": {
        "column": "description"
      },
      "meta": {}
    },
    {
      "expectation_type": "expect_column_values_to_not_be_null",
      "kwargs": {
        "column": "service"
      },
      "meta": {}
    },
    {
      "expectation_type": "expect_column_values_to_be_of_type",
      "kwargs": {
        "column": "service",
        "type_": "TEXT"
      },
      "meta": {}
    },
    {
      "expectation_type": "expect_column_distinct_values_to_equal_set",
      "kwargs": {
        "column": "service",
        "value_set": [
          "Connect",
          "Disconnect",
          "Setup Environment"
        ]
      },
      "meta": {}
    },
    {
      "expectation_type": "expect_column_kl_divergence_to_be_less_than",
      "kwargs": {
        "column": "service",
        "partition_object": {
          "values": [
            "Connect",
            "Disconnect",
            "Setup Environment"
          ],
          "weights": [
            0.3333333333333333,
            0.3333333333333333,
            0.3333333333333333
          ]
        },
        "threshold": 0.6
      },
      "meta": {}
    }
  ],
  "meta": {
    "BasicSuiteBuilderProfiler": {
      "batch_kwargs": {
        "data_asset_name": "sperfilyev.ods_t_issue",
        "datasource": "sperfilyev_db",
        "schema": "sperfilyev",
        "table": "ods_t_issue"
      },
      "created_at": 1619807839.4898913,
      "created_by": "BasicSuiteBuilderProfiler"
    },
    "citations": [
      {
        "batch_definition": null,
        "batch_kwargs": {
          "data_asset_name": "sperfilyev.ods_t_issue",
          "datasource": "sperfilyev_db",
          "schema": "sperfilyev",
          "table": "ods_t_issue"
        },
        "batch_markers": {
          "ge_load_time": "20210430T182709.913289Z"
        },
        "batch_parameters": null,
        "batch_request": null,
        "batch_spec": null,
        "citation_date": "2021-04-30T18:37:34.564693Z",
        "comment": "BasicSuiteBuilderProfiler added a citation based on the current batch."
      }
    ],
    "columns": {
      "description": {
        "description": ""
      },
      "end_time": {
        "description": ""
      },
      "service": {
        "description": ""
      },
      "start_time": {
        "description": ""
      },
      "title": {
        "description": ""
      },
      "user_id": {
        "description": ""
      }
    },
    "great_expectations_version": "0.13.19",
    "notes": {
      "content": [
        "_To add additional notes, edit the <code>meta.notes.content</code> field in the appropriate Expectation json file._"
      ],
      "format": "markdown"
    }
  }
}