{
  "data_asset_type": "Dataset",
  "expectation_suite_name": "sperfilyev.ods_traffic.check",
  "expectations": [
    {
      "expectation_type": "expect_table_row_count_to_be_between",
      "kwargs": {
        "max_value": 20000,
        "min_value": 1000
      },
      "meta": {}
    },
    {
      "expectation_type": "expect_table_column_count_to_equal",
      "kwargs": {
        "value": 6
      },
      "meta": {}
    },
    {
      "expectation_type": "expect_table_columns_to_match_ordered_list",
      "kwargs": {
        "column_list": [
          "user_id",
          "traffic_time",
          "device_id",
          "device_ip_addr",
          "bytes_sent",
          "bytes_received"
        ]
      },
      "meta": {}
    },
    {
      "expectation_type": "expect_compound_columns_to_be_unique",
      "kwargs": {
        "column_list": [
          "user_id",
          "device_id",
          "traffic_time"
        ],
        "ignore_row_if": "never"
      },
      "meta": {}
    },
    {
      "expectation_type": "expect_column_values_to_not_be_null",
      "kwargs": {
        "column": "device_id"
      },
      "meta": {}
    },
    {
      "expectation_type": "expect_column_values_to_be_of_type",
      "kwargs": {
        "column": "device_id",
        "type_": "TEXT"
      },
      "meta": {}
    },
    {
      "expectation_type": "expect_column_value_lengths_to_equal",
      "kwargs": {
        "column": "device_id",
        "value": 4
      },
      "meta": {}
    },
    {
      "expectation_type": "expect_column_values_to_match_regex",
      "kwargs": {
        "column": "device_id",
        "regex": "^d\\d{3}$"
      },
      "meta": {}
    },
    {
      "expectation_type": "expect_column_kl_divergence_to_be_less_than",
      "kwargs": {
        "column": "device_id",
        "partition_object": {
          "values": [
            "d001",
            "d002",
            "d003",
            "d004",
            "d005",
            "d006",
            "d007",
            "d008",
            "d009"
          ],
          "weights": [
            0.1111111111111111,
            0.1111111111111111,
            0.1111111111111111,
            0.1111111111111111,
            0.1111111111111111,
            0.1111111111111111,
            0.1111111111111111,
            0.1111111111111111,
            0.1111111111111111
          ]
        },
        "threshold": 0.6
      },
      "meta": {}
    },
    {
      "expectation_type": "expect_column_values_to_not_be_null",
      "kwargs": {
        "column": "bytes_sent"
      },
      "meta": {}
    },
    {
      "expectation_type": "expect_column_values_to_be_of_type",
      "kwargs": {
        "column": "bytes_sent",
        "type_": "INTEGER"
      },
      "meta": {}
    },
    {
      "expectation_type": "expect_column_min_to_be_between",
      "kwargs": {
        "column": "bytes_sent",
        "max_value": 927712935936000,
        "min_value": 0
      },
      "meta": {}
    },
    {
      "expectation_type": "expect_column_max_to_be_between",
      "kwargs": {
        "column": "bytes_sent",
        "max_value": 927712935936000,
        "min_value": 1024
      },
      "meta": {}
    },
    {
      "expectation_type": "expect_column_values_to_not_be_null",
      "kwargs": {
        "column": "bytes_received"
      },
      "meta": {}
    },
    {
      "expectation_type": "expect_column_values_to_be_of_type",
      "kwargs": {
        "column": "bytes_received",
        "type_": "INTEGER"
      },
      "meta": {}
    },
    {
      "expectation_type": "expect_column_min_to_be_between",
      "kwargs": {
        "column": "bytes_received",
        "max_value": 927712935936000,
        "min_value": 0
      },
      "meta": {}
    },
    {
      "expectation_type": "expect_column_max_to_be_between",
      "kwargs": {
        "column": "bytes_received",
        "max_value": 927712935936000,
        "min_value": 1024
      },
      "meta": {}
    },
    {
      "expectation_type": "expect_column_values_to_not_be_null",
      "kwargs": {
        "column": "user_id"
      },
      "meta": {}
    },
    {
      "expectation_type": "expect_column_values_to_be_of_type",
      "kwargs": {
        "column": "user_id",
        "type_": "INTEGER"
      },
      "meta": {}
    },
    {
      "expectation_type": "expect_column_proportion_of_unique_values_to_be_between",
      "kwargs": {
        "column": "user_id",
        "min_value": 0.005
      },
      "meta": {}
    },
    {
      "expectation_type": "expect_column_values_to_be_between",
      "kwargs": {
        "column": "user_id",
        "min_value": 10000
      },
      "meta": {}
    },
    {
      "expectation_type": "expect_column_values_to_not_be_null",
      "kwargs": {
        "column": "traffic_time"
      },
      "meta": {}
    },
    {
      "expectation_type": "expect_column_values_to_be_of_type",
      "kwargs": {
        "column": "traffic_time",
        "type_": "TIMESTAMP"
      },
      "meta": {}
    },
    {
      "expectation_type": "expect_column_values_to_be_between",
      "kwargs": {
        "column": "traffic_time",
        "max_value": "2030-01-01 00:00:00",
        "min_value": "2012-01-01 00:00:00",
        "parse_strings_as_datetimes": true
      },
      "meta": {}
    },
    {
      "expectation_type": "expect_column_values_to_not_be_null",
      "kwargs": {
        "column": "device_ip_addr"
      },
      "meta": {}
    },
    {
      "expectation_type": "expect_column_values_to_be_of_type",
      "kwargs": {
        "column": "device_ip_addr",
        "type_": "TEXT"
      },
      "meta": {}
    },
    {
      "expectation_type": "expect_column_values_to_match_regex",
      "kwargs": {
        "column": "device_ip_addr",
        "regex": "^\\d{1,3}\\.\\d{1,3}\\.\\d{1,3}\\.\\d{1,3}$"
      },
      "meta": {}
    }
  ],
  "meta": {
    "BasicSuiteBuilderProfiler": {
      "batch_kwargs": {
        "data_asset_name": "sperfilyev.ods_t_traffic",
        "datasource": "sperfilyev_db",
        "limit": 1000,
        "schema": "sperfilyev",
        "table": "ods_t_traffic"
      },
      "created_at": 1619759983.963101,
      "created_by": "BasicSuiteBuilderProfiler"
    },
    "citations": [
      {
        "batch_definition": null,
        "batch_kwargs": {
          "data_asset_name": "sperfilyev.ods_t_traffic",
          "datasource": "sperfilyev_db",
          "limit": 1000,
          "schema": "sperfilyev",
          "table": "ods_t_traffic"
        },
        "batch_markers": {
          "ge_load_time": "20210430T051928.993619Z"
        },
        "batch_parameters": null,
        "batch_request": null,
        "batch_spec": null,
        "citation_date": "2021-04-30T05:19:48.713309Z",
        "comment": "BasicSuiteBuilderProfiler added a citation based on the current batch."
      }
    ],
    "columns": {
      "bytes_received": {
        "description": ""
      },
      "bytes_sent": {
        "description": ""
      },
      "device_id": {
        "description": ""
      },
      "device_ip_addr": {
        "description": ""
      },
      "traffic_time": {
        "description": ""
      },
      "user_id": {
        "description": ""
      }
    },
    "great_expectations_version": "0.13.19",
    "notes": {
      "content": [
        "#### This is an _example_ suite\n\n- This suite was made by quickly glancing at 1000 rows of your data.\n- This is **not a production suite**. It is meant to show examples of expectations.\n- Because this suite was auto-generated using a very basic profiler that does not know your data like you do, many of the expectations may not be meaningful.\n"
      ],
      "format": "markdown"
    }
  }
}