{"results": [{"exception_info": {"raised_exception": false, "exception_message": null, "exception_traceback": null}, "result": {"observed_value": 10000}, "meta": {}, "expectation_config": {"meta": {}, "kwargs": {"max_value": 20000, "min_value": 1000, "result_format": {"result_format": "SUMMARY"}}, "expectation_type": "expect_table_row_count_to_be_between"}, "success": true}, {"exception_info": {"raised_exception": false, "exception_message": null, "exception_traceback": null}, "result": {"observed_value": 6}, "meta": {}, "expectation_config": {"meta": {}, "kwargs": {"value": 6, "result_format": {"result_format": "SUMMARY"}}, "expectation_type": "expect_table_column_count_to_equal"}, "success": true}, {"exception_info": {"raised_exception": false, "exception_message": null, "exception_traceback": null}, "result": {"observed_value": ["user_id", "billing_period", "service", "tariff", "charged_sum", "created_at"]}, "meta": {}, "expectation_config": {"meta": {}, "kwargs": {"column_list": ["user_id", "billing_period", "service", "tariff", "charged_sum", "created_at"], "result_format": {"result_format": "SUMMARY"}}, "expectation_type": "expect_table_columns_to_match_ordered_list"}, "success": true}, {"exception_info": {"raised_exception": false, "exception_message": null, "exception_traceback": null}, "result": {"unexpected_percent": 0.0}, "meta": {}, "expectation_config": {"meta": {}, "kwargs": {"column_list": ["user_id", "billing_period", "service"], "ignore_row_if": "never", "result_format": {"result_format": "SUMMARY"}}, "expectation_type": "expect_compound_columns_to_be_unique"}, "success": true}, {"exception_info": {"raised_exception": false, "exception_message": null, "exception_traceback": null}, "result": {"observed_value": "INTEGER"}, "meta": {}, "expectation_config": {"meta": {}, "kwargs": {"column": "user_id", "type_": "INTEGER", "result_format": {"result_format": "SUMMARY"}}, "expectation_type": "expect_column_values_to_be_of_type"}, "success": true}, {"exception_info": {"raised_exception": false, "exception_message": null, "exception_traceback": null}, "result": {"element_count": 10000, "unexpected_count": 0, "unexpected_percent": 0.0, "unexpected_percent_total": 0.0, "partial_unexpected_list": []}, "meta": {}, "expectation_config": {"meta": {}, "kwargs": {"column": "user_id", "result_format": {"result_format": "SUMMARY"}}, "expectation_type": "expect_column_values_to_not_be_null"}, "success": true}, {"exception_info": {"raised_exception": false, "exception_message": null, "exception_traceback": null}, "result": {"observed_value": 0.0123, "element_count": 10000, "missing_count": null, "missing_percent": null}, "meta": {}, "expectation_config": {"meta": {}, "kwargs": {"column": "user_id", "min_value": 0.005, "result_format": {"result_format": "SUMMARY"}}, "expectation_type": "expect_column_proportion_of_unique_values_to_be_between"}, "success": true}, {"exception_info": {"raised_exception": false, "exception_message": null, "exception_traceback": null}, "result": {"element_count": 10000, "missing_count": 0, "missing_percent": 0.0, "unexpected_count": 0, "unexpected_percent": 0.0, "unexpected_percent_total": 0.0, "unexpected_percent_nonmissing": 0.0, "partial_unexpected_list": [], "partial_unexpected_index_list": null, "partial_unexpected_counts": []}, "meta": {}, "expectation_config": {"meta": {}, "kwargs": {"column": "user_id", "min_value": 10000, "result_format": {"result_format": "SUMMARY"}}, "expectation_type": "expect_column_values_to_be_between"}, "success": true}, {"exception_info": {"raised_exception": false, "exception_message": null, "exception_traceback": null}, "result": {"element_count": 10000, "unexpected_count": 0, "unexpected_percent": 0.0, "unexpected_percent_total": 0.0, "partial_unexpected_list": []}, "meta": {}, "expectation_config": {"meta": {}, "kwargs": {"column": "billing_period", "result_format": {"result_format": "SUMMARY"}}, "expectation_type": "expect_column_values_to_not_be_null"}, "success": true}, {"exception_info": {"raised_exception": false, "exception_message": null, "exception_traceback": null}, "result": {"observed_value": "TEXT"}, "meta": {}, "expectation_config": {"meta": {}, "kwargs": {"column": "billing_period", "type_": "TEXT", "result_format": {"result_format": "SUMMARY"}}, "expectation_type": "expect_column_values_to_be_of_type"}, "success": true}, {"exception_info": {"raised_exception": false, "exception_message": null, "exception_traceback": null}, "result": {"observed_value": 0.0099, "element_count": 10000, "missing_count": null, "missing_percent": null}, "meta": {}, "expectation_config": {"meta": {}, "kwargs": {"column": "billing_period", "max_value": 0.02, "min_value": 0.005, "result_format": {"result_format": "SUMMARY"}}, "expectation_type": "expect_column_proportion_of_unique_values_to_be_between"}, "success": true}, {"exception_info": {"raised_exception": false, "exception_message": null, "exception_traceback": null}, "result": {"element_count": 10000, "missing_count": 0, "missing_percent": 0.0, "unexpected_count": 0, "unexpected_percent": 0.0, "unexpected_percent_total": 0.0, "unexpected_percent_nonmissing": 0.0, "partial_unexpected_list": [], "partial_unexpected_index_list": null, "partial_unexpected_counts": []}, "meta": {}, "expectation_config": {"meta": {}, "kwargs": {"column": "billing_period", "regex": "^20\\d\\d-\\d\\d$", "result_format": {"result_format": "SUMMARY"}}, "expectation_type": "expect_column_values_to_match_regex"}, "success": true}, {"exception_info": {"raised_exception": false, "exception_message": null, "exception_traceback": null}, "result": {"element_count": 10000, "missing_count": 0, "missing_percent": 0.0, "unexpected_count": 0, "unexpected_percent": 0.0, "unexpected_percent_total": 0.0, "unexpected_percent_nonmissing": 0.0, "partial_unexpected_list": [], "partial_unexpected_index_list": null, "partial_unexpected_counts": []}, "meta": {}, "expectation_config": {"meta": {}, "kwargs": {"column": "billing_period", "max_value": "2030-01", "min_value": "2012-01", "result_format": {"result_format": "SUMMARY"}}, "expectation_type": "expect_column_values_to_be_between"}, "success": true}, {"exception_info": {"raised_exception": false, "exception_message": null, "exception_traceback": null}, "result": {"element_count": 10000, "unexpected_count": 0, "unexpected_percent": 0.0, "unexpected_percent_total": 0.0, "partial_unexpected_list": []}, "meta": {}, "expectation_config": {"meta": {}, "kwargs": {"column": "service", "result_format": {"result_format": "SUMMARY"}}, "expectation_type": "expect_column_values_to_not_be_null"}, "success": true}, {"exception_info": {"raised_exception": false, "exception_message": null, "exception_traceback": null}, "result": {"observed_value": "TEXT"}, "meta": {}, "expectation_config": {"meta": {}, "kwargs": {"column": "service", "type_": "TEXT", "result_format": {"result_format": "SUMMARY"}}, "expectation_type": "expect_column_values_to_be_of_type"}, "success": true}, {"exception_info": {"raised_exception": false, "exception_message": null, "exception_traceback": null}, "result": {"element_count": 10000, "missing_count": 0, "missing_percent": 0.0, "unexpected_count": 0, "unexpected_percent": 0.0, "unexpected_percent_total": 0.0, "unexpected_percent_nonmissing": 0.0, "partial_unexpected_list": [], "partial_unexpected_index_list": null, "partial_unexpected_counts": []}, "meta": {}, "expectation_config": {"meta": {}, "kwargs": {"column": "service", "min_value": 3, "result_format": {"result_format": "SUMMARY"}}, "expectation_type": "expect_column_value_lengths_to_be_between"}, "success": true}, {"exception_info": {"raised_exception": false, "exception_message": null, "exception_traceback": null}, "result": {"element_count": 10000, "unexpected_count": 0, "unexpected_percent": 0.0, "unexpected_percent_total": 0.0, "partial_unexpected_list": []}, "meta": {}, "expectation_config": {"meta": {}, "kwargs": {"column": "tariff", "result_format": {"result_format": "SUMMARY"}}, "expectation_type": "expect_column_values_to_not_be_null"}, "success": true}, {"exception_info": {"raised_exception": false, "exception_message": null, "exception_traceback": null}, "result": {"observed_value": "TEXT"}, "meta": {}, "expectation_config": {"meta": {}, "kwargs": {"column": "tariff", "type_": "TEXT", "result_format": {"result_format": "SUMMARY"}}, "expectation_type": "expect_column_values_to_be_of_type"}, "success": true}, {"exception_info": {"raised_exception": false, "exception_message": null, "exception_traceback": null}, "result": {"element_count": 10000, "missing_count": 0, "missing_percent": 0.0, "unexpected_count": 0, "unexpected_percent": 0.0, "unexpected_percent_total": 0.0, "unexpected_percent_nonmissing": 0.0, "partial_unexpected_list": [], "partial_unexpected_index_list": null, "partial_unexpected_counts": []}, "meta": {}, "expectation_config": {"meta": {}, "kwargs": {"column": "tariff", "value_set": ["Gigabyte", "Maxi", "Megabyte", "Mini"], "result_format": {"result_format": "SUMMARY"}}, "expectation_type": "expect_column_values_to_be_in_set"}, "success": true}, {"exception_info": {"raised_exception": false, "exception_message": null, "exception_traceback": null}, "result": {"element_count": 10000, "unexpected_count": 0, "unexpected_percent": 0.0, "unexpected_percent_total": 0.0, "partial_unexpected_list": []}, "meta": {}, "expectation_config": {"meta": {}, "kwargs": {"column": "charged_sum", "result_format": {"result_format": "SUMMARY"}}, "expectation_type": "expect_column_values_to_not_be_null"}, "success": true}, {"exception_info": {"raised_exception": false, "exception_message": null, "exception_traceback": null}, "result": {"observed_value": "NUMERIC"}, "meta": {}, "expectation_config": {"meta": {}, "kwargs": {"column": "charged_sum", "type_list": ["NUMERIC", "DECIMAL"], "result_format": {"result_format": "SUMMARY"}}, "expectation_type": "expect_column_values_to_be_in_type_list"}, "success": true}, {"exception_info": {"raised_exception": false, "exception_message": null, "exception_traceback": null}, "result": {"element_count": 10000, "missing_count": 0, "missing_percent": 0.0, "unexpected_count": 0, "unexpected_percent": 0.0, "unexpected_percent_total": 0.0, "unexpected_percent_nonmissing": 0.0, "partial_unexpected_list": [], "partial_unexpected_index_list": null, "partial_unexpected_counts": []}, "meta": {}, "expectation_config": {"meta": {}, "kwargs": {"column": "charged_sum", "max_value": 300000.0, "min_value": 0.01, "mostly": 0.99, "result_format": {"result_format": "SUMMARY"}}, "expectation_type": "expect_column_values_to_be_between"}, "success": true}, {"exception_info": {"raised_exception": false, "exception_message": null, "exception_traceback": null}, "result": {"observed_value": 3.0, "element_count": 10000, "missing_count": null, "missing_percent": null}, "meta": {}, "expectation_config": {"meta": {}, "kwargs": {"column": "charged_sum", "max_value": 3000.0, "min_value": 2000.0, "result_format": {"result_format": "SUMMARY"}}, "expectation_type": "expect_column_median_to_be_between"}, "success": false}, {"exception_info": {"raised_exception": false, "exception_message": null, "exception_traceback": null}, "result": {"element_count": 10000, "unexpected_count": 0, "unexpected_percent": 0.0, "unexpected_percent_total": 0.0, "partial_unexpected_list": []}, "meta": {}, "expectation_config": {"meta": {}, "kwargs": {"column": "created_at", "result_format": {"result_format": "SUMMARY"}}, "expectation_type": "expect_column_values_to_not_be_null"}, "success": true}, {"exception_info": {"raised_exception": false, "exception_message": null, "exception_traceback": null}, "result": {"observed_value": "DATE"}, "meta": {}, "expectation_config": {"meta": {}, "kwargs": {"column": "created_at", "type_list": ["DATE", "DATETIME", "TIMESTAMP"], "result_format": {"result_format": "SUMMARY"}}, "expectation_type": "expect_column_values_to_be_in_type_list"}, "success": true}, {"exception_info": {"raised_exception": false, "exception_message": null, "exception_traceback": null}, "result": {"element_count": 10000, "missing_count": 0, "missing_percent": 0.0, "unexpected_count": 0, "unexpected_percent": 0.0, "unexpected_percent_total": 0.0, "unexpected_percent_nonmissing": 0.0, "partial_unexpected_list": [], "partial_unexpected_index_list": null, "partial_unexpected_counts": []}, "meta": {}, "expectation_config": {"meta": {}, "kwargs": {"column": "created_at", "max_value": "2030-01-01 00:00:00", "min_value": "2012-01-01 00:00:00", "parse_strings_as_datetimes": true, "result_format": {"result_format": "SUMMARY"}}, "expectation_type": "expect_column_values_to_be_between"}, "success": true}], "statistics": {"evaluated_expectations": 26, "successful_expectations": 25, "unsuccessful_expectations": 1, "success_percent": 96.15384615384616}, "meta": {"great_expectations_version": "0.13.19", "expectation_suite_name": "sperfilyev.ods_billing.check", "run_id": {"run_name": "20210501T183933.312684Z", "run_time": "2021-05-01T18:39:33.312684+00:00"}, "batch_kwargs": {"table": "ods_t_billing", "schema": "sperfilyev", "data_asset_name": "sperfilyev.ods_t_billing", "datasource": "sperfilyev_db"}, "batch_markers": {"ge_load_time": "20210501T183932.646380Z"}, "batch_parameters": null, "validation_time": "20210501T183933.312684Z"}, "success": false, "evaluation_parameters": {}}