{"statistics": {"evaluated_expectations": 27, "successful_expectations": 26, "unsuccessful_expectations": 1, "success_percent": 96.29629629629629}, "success": false, "meta": {"great_expectations_version": "0.13.19", "expectation_suite_name": "sperfilyev.ods_traffic.check", "run_id": {"run_name": "20210501T175115.140594Z", "run_time": "2021-05-01T17:51:15.140594+00:00"}, "batch_kwargs": {"data_asset_name": "sperfilyev.ods_t_traffic", "datasource": "sperfilyev_db", "schema": "sperfilyev", "table": "ods_t_traffic"}, "batch_markers": {"ge_load_time": "20210501T175114.347457Z"}, "batch_parameters": null, "validation_time": "20210501T175115.140594Z"}, "results": [{"success": true, "meta": {}, "expectation_config": {"meta": {}, "expectation_type": "expect_table_row_count_to_be_between", "kwargs": {"max_value": 20000, "min_value": 1000, "result_format": {"result_format": "SUMMARY"}}}, "exception_info": {"raised_exception": false, "exception_message": null, "exception_traceback": null}, "result": {"observed_value": 10000}}, {"success": true, "meta": {}, "expectation_config": {"meta": {}, "expectation_type": "expect_table_column_count_to_equal", "kwargs": {"value": 6, "result_format": {"result_format": "SUMMARY"}}}, "exception_info": {"raised_exception": false, "exception_message": null, "exception_traceback": null}, "result": {"observed_value": 6}}, {"success": true, "meta": {}, "expectation_config": {"meta": {}, "expectation_type": "expect_table_columns_to_match_ordered_list", "kwargs": {"column_list": ["user_id", "traffic_time", "device_id", "device_ip_addr", "bytes_sent", "bytes_received"], "result_format": {"result_format": "SUMMARY"}}}, "exception_info": {"raised_exception": false, "exception_message": null, "exception_traceback": null}, "result": {"observed_value": ["user_id", "traffic_time", "device_id", "device_ip_addr", "bytes_sent", "bytes_received"]}}, {"success": false, "meta": {}, "expectation_config": {"meta": {}, "expectation_type": "expect_compound_columns_to_be_unique", "kwargs": {"column_list": ["user_id", "device_id", "traffic_time"], "ignore_row_if": "never", "result_format": {"result_format": "SUMMARY"}}}, "exception_info": {"raised_exception": false, "exception_message": null, "exception_traceback": null}, "result": {"unexpected_percent": 0.02}}, {"success": true, "meta": {}, "expectation_config": {"meta": {}, "expectation_type": "expect_column_values_to_not_be_null", "kwargs": {"column": "device_id", "result_format": {"result_format": "SUMMARY"}}}, "exception_info": {"raised_exception": false, "exception_message": null, "exception_traceback": null}, "result": {"element_count": 10000, "unexpected_count": 0, "unexpected_percent": 0.0, "unexpected_percent_total": 0.0, "partial_unexpected_list": []}}, {"success": true, "meta": {}, "expectation_config": {"meta": {}, "expectation_type": "expect_column_values_to_be_of_type", "kwargs": {"column": "device_id", "type_": "TEXT", "result_format": {"result_format": "SUMMARY"}}}, "exception_info": {"raised_exception": false, "exception_message": null, "exception_traceback": null}, "result": {"observed_value": "TEXT"}}, {"success": true, "meta": {}, "expectation_config": {"meta": {}, "expectation_type": "expect_column_value_lengths_to_equal", "kwargs": {"column": "device_id", "value": 4, "result_format": {"result_format": "SUMMARY"}}}, "exception_info": {"raised_exception": false, "exception_message": null, "exception_traceback": null}, "result": {"element_count": 10000, "missing_count": 0, "missing_percent": 0.0, "unexpected_count": 0, "unexpected_percent": 0.0, "unexpected_percent_total": 0.0, "unexpected_percent_nonmissing": 0.0, "partial_unexpected_list": [], "partial_unexpected_index_list": null, "partial_unexpected_counts": []}}, {"success": true, "meta": {}, "expectation_config": {"meta": {}, "expectation_type": "expect_column_values_to_match_regex", "kwargs": {"column": "device_id", "regex": "^d\\d{3}$", "result_format": {"result_format": "SUMMARY"}}}, "exception_info": {"raised_exception": false, "exception_message": null, "exception_traceback": null}, "result": {"element_count": 10000, "missing_count": 0, "missing_percent": 0.0, "unexpected_count": 0, "unexpected_percent": 0.0, "unexpected_percent_total": 0.0, "unexpected_percent_nonmissing": 0.0, "partial_unexpected_list": [], "partial_unexpected_index_list": null, "partial_unexpected_counts": []}}, {"success": true, "meta": {}, "expectation_config": {"meta": {}, "expectation_type": "expect_column_kl_divergence_to_be_less_than", "kwargs": {"column": "device_id", "partition_object": {"values": ["d001", "d002", "d003", "d004", "d005", "d006", "d007", "d008", "d009"], "weights": [0.1111111111111111, 0.1111111111111111, 0.1111111111111111, 0.1111111111111111, 0.1111111111111111, 0.1111111111111111, 0.1111111111111111, 0.1111111111111111, 0.1111111111111111]}, "threshold": 0.6, "result_format": {"result_format": "SUMMARY"}}}, "exception_info": {"raised_exception": false, "exception_message": null, "exception_traceback": null}, "result": {"observed_value": 0.00020294101983164056, "element_count": 10000, "missing_count": null, "missing_percent": null, "details": {"observed_partition": {"values": ["d001", "d002", "d003", "d004", "d005", "d006", "d007", "d008", "d009"], "weights": [0.112, 0.1092, 0.1133, 0.1086, 0.1092, 0.1149, 0.1086, 0.1108, 0.1134]}, "expected_partition": {"values": ["d001", "d002", "d003", "d004", "d005", "d006", "d007", "d008", "d009"], "weights": [0.1111111111111111, 0.1111111111111111, 0.1111111111111111, 0.1111111111111111, 0.1111111111111111, 0.1111111111111111, 0.1111111111111111, 0.1111111111111111, 0.1111111111111111]}}}}, {"success": true, "meta": {}, "expectation_config": {"meta": {}, "expectation_type": "expect_column_values_to_not_be_null", "kwargs": {"column": "bytes_sent", "result_format": {"result_format": "SUMMARY"}}}, "exception_info": {"raised_exception": false, "exception_message": null, "exception_traceback": null}, "result": {"element_count": 10000, "unexpected_count": 0, "unexpected_percent": 0.0, "unexpected_percent_total": 0.0, "partial_unexpected_list": []}}, {"success": true, "meta": {}, "expectation_config": {"meta": {}, "expectation_type": "expect_column_values_to_be_of_type", "kwargs": {"column": "bytes_sent", "type_": "INTEGER", "result_format": {"result_format": "SUMMARY"}}}, "exception_info": {"raised_exception": false, "exception_message": null, "exception_traceback": null}, "result": {"observed_value": "INTEGER"}}, {"success": true, "meta": {}, "expectation_config": {"meta": {"notes": {"content": "\u041e\u0431\u044a\u0451\u043c\u044b \u0442\u0440\u0430\u0444\u0438\u043a\u0430 \u043e\u0433\u0440\u0430\u043d\u0438\u0447\u0435\u043d\u044b \u043f\u0440\u0435\u0434\u0435\u043b\u043e\u043c \u043f\u0435\u0440\u0435\u0434\u0430\u0447\u0438 \u0437\u0430 \u043e\u0434\u043d\u0443 \u0441\u0435\u0441\u0441\u0438\u044e \u0434\u043b\u044f \u0430\u0431\u043e\u043d\u0435\u043d\u0442\u0430 = 10 \u0413\u0431\u0438\u0442/\u0441 * 1 \u0441\u0443\u0442\u043a\u0438", "format": "text"}}, "expectation_type": "expect_column_min_to_be_between", "kwargs": {"column": "bytes_sent", "max_value": 927712935936000, "min_value": 0, "result_format": {"result_format": "SUMMARY"}}}, "exception_info": {"raised_exception": false, "exception_message": null, "exception_traceback": null}, "result": {"observed_value": 7, "element_count": 10000, "missing_count": null, "missing_percent": null}}, {"success": true, "meta": {}, "expectation_config": {"meta": {"notes": {"content": "\u041e\u0431\u044a\u0451\u043c\u044b \u0442\u0440\u0430\u0444\u0438\u043a\u0430 \u043e\u0433\u0440\u0430\u043d\u0438\u0447\u0435\u043d\u044b \u043f\u0440\u0435\u0434\u0435\u043b\u043e\u043c \u043f\u0435\u0440\u0435\u0434\u0430\u0447\u0438 \u0437\u0430 \u043e\u0434\u043d\u0443 \u0441\u0435\u0441\u0441\u0438\u044e \u0434\u043b\u044f \u0430\u0431\u043e\u043d\u0435\u043d\u0442\u0430 = 10 \u0413\u0431\u0438\u0442/\u0441 * 1 \u0441\u0443\u0442\u043a\u0438", "format": "text"}}, "expectation_type": "expect_column_max_to_be_between", "kwargs": {"column": "bytes_sent", "max_value": 927712935936000, "min_value": 1024, "result_format": {"result_format": "SUMMARY"}}}, "exception_info": {"raised_exception": false, "exception_message": null, "exception_traceback": null}, "result": {"observed_value": 49996, "element_count": 10000, "missing_count": null, "missing_percent": null}}, {"success": true, "meta": {}, "expectation_config": {"meta": {}, "expectation_type": "expect_column_values_to_not_be_null", "kwargs": {"column": "bytes_received", "result_format": {"result_format": "SUMMARY"}}}, "exception_info": {"raised_exception": false, "exception_message": null, "exception_traceback": null}, "result": {"element_count": 10000, "unexpected_count": 0, "unexpected_percent": 0.0, "unexpected_percent_total": 0.0, "partial_unexpected_list": []}}, {"success": true, "meta": {}, "expectation_config": {"meta": {}, "expectation_type": "expect_column_values_to_be_of_type", "kwargs": {"column": "bytes_received", "type_": "INTEGER", "result_format": {"result_format": "SUMMARY"}}}, "exception_info": {"raised_exception": false, "exception_message": null, "exception_traceback": null}, "result": {"observed_value": "INTEGER"}}, {"success": true, "meta": {}, "expectation_config": {"meta": {"notes": {"content": "\u041e\u0431\u044a\u0451\u043c\u044b \u0442\u0440\u0430\u0444\u0438\u043a\u0430 \u043e\u0433\u0440\u0430\u043d\u0438\u0447\u0435\u043d\u044b \u043f\u0440\u0435\u0434\u0435\u043b\u043e\u043c \u043f\u0435\u0440\u0435\u0434\u0430\u0447\u0438 \u0437\u0430 \u043e\u0434\u043d\u0443 \u0441\u0435\u0441\u0441\u0438\u044e \u0434\u043b\u044f \u0430\u0431\u043e\u043d\u0435\u043d\u0442\u0430 = 10 \u0413\u0431\u0438\u0442/\u0441 * 1 \u0441\u0443\u0442\u043a\u0438", "format": "text"}}, "expectation_type": "expect_column_min_to_be_between", "kwargs": {"column": "bytes_received", "max_value": 927712935936000, "min_value": 0, "result_format": {"result_format": "SUMMARY"}}}, "exception_info": {"raised_exception": false, "exception_message": null, "exception_traceback": null}, "result": {"observed_value": 8, "element_count": 10000, "missing_count": null, "missing_percent": null}}, {"success": true, "meta": {}, "expectation_config": {"meta": {"notes": {"content": "\u041e\u0431\u044a\u0451\u043c\u044b \u0442\u0440\u0430\u0444\u0438\u043a\u0430 \u043e\u0433\u0440\u0430\u043d\u0438\u0447\u0435\u043d\u044b \u043f\u0440\u0435\u0434\u0435\u043b\u043e\u043c \u043f\u0435\u0440\u0435\u0434\u0430\u0447\u0438 \u0437\u0430 \u043e\u0434\u043d\u0443 \u0441\u0435\u0441\u0441\u0438\u044e \u0434\u043b\u044f \u0430\u0431\u043e\u043d\u0435\u043d\u0442\u0430 = 10 \u0413\u0431\u0438\u0442/\u0441 * 1 \u0441\u0443\u0442\u043a\u0438", "format": "text"}}, "expectation_type": "expect_column_max_to_be_between", "kwargs": {"column": "bytes_received", "max_value": 927712935936000, "min_value": 1024, "result_format": {"result_format": "SUMMARY"}}}, "exception_info": {"raised_exception": false, "exception_message": null, "exception_traceback": null}, "result": {"observed_value": 49999, "element_count": 10000, "missing_count": null, "missing_percent": null}}, {"success": true, "meta": {}, "expectation_config": {"meta": {}, "expectation_type": "expect_column_values_to_not_be_null", "kwargs": {"column": "user_id", "result_format": {"result_format": "SUMMARY"}}}, "exception_info": {"raised_exception": false, "exception_message": null, "exception_traceback": null}, "result": {"element_count": 10000, "unexpected_count": 0, "unexpected_percent": 0.0, "unexpected_percent_total": 0.0, "partial_unexpected_list": []}}, {"success": true, "meta": {}, "expectation_config": {"meta": {}, "expectation_type": "expect_column_values_to_be_of_type", "kwargs": {"column": "user_id", "type_": "INTEGER", "result_format": {"result_format": "SUMMARY"}}}, "exception_info": {"raised_exception": false, "exception_message": null, "exception_traceback": null}, "result": {"observed_value": "INTEGER"}}, {"success": true, "meta": {}, "expectation_config": {"meta": {}, "expectation_type": "expect_column_proportion_of_unique_values_to_be_between", "kwargs": {"column": "user_id", "min_value": 0.005, "result_format": {"result_format": "SUMMARY"}}}, "exception_info": {"raised_exception": false, "exception_message": null, "exception_traceback": null}, "result": {"observed_value": 0.0123, "element_count": 10000, "missing_count": null, "missing_percent": null}}, {"success": true, "meta": {}, "expectation_config": {"meta": {}, "expectation_type": "expect_column_values_to_be_between", "kwargs": {"column": "user_id", "min_value": 10000, "result_format": {"result_format": "SUMMARY"}}}, "exception_info": {"raised_exception": false, "exception_message": null, "exception_traceback": null}, "result": {"element_count": 10000, "missing_count": 0, "missing_percent": 0.0, "unexpected_count": 0, "unexpected_percent": 0.0, "unexpected_percent_total": 0.0, "unexpected_percent_nonmissing": 0.0, "partial_unexpected_list": [], "partial_unexpected_index_list": null, "partial_unexpected_counts": []}}, {"success": true, "meta": {}, "expectation_config": {"meta": {}, "expectation_type": "expect_column_values_to_not_be_null", "kwargs": {"column": "traffic_time", "result_format": {"result_format": "SUMMARY"}}}, "exception_info": {"raised_exception": false, "exception_message": null, "exception_traceback": null}, "result": {"element_count": 10000, "unexpected_count": 0, "unexpected_percent": 0.0, "unexpected_percent_total": 0.0, "partial_unexpected_list": []}}, {"success": true, "meta": {}, "expectation_config": {"meta": {}, "expectation_type": "expect_column_values_to_be_of_type", "kwargs": {"column": "traffic_time", "type_": "TIMESTAMP", "result_format": {"result_format": "SUMMARY"}}}, "exception_info": {"raised_exception": false, "exception_message": null, "exception_traceback": null}, "result": {"observed_value": "TIMESTAMP"}}, {"success": true, "meta": {}, "expectation_config": {"meta": {}, "expectation_type": "expect_column_values_to_be_between", "kwargs": {"column": "traffic_time", "max_value": "2030-01-01 00:00:00", "min_value": "2012-01-01 00:00:00", "parse_strings_as_datetimes": true, "result_format": {"result_format": "SUMMARY"}}}, "exception_info": {"raised_exception": false, "exception_message": null, "exception_traceback": null}, "result": {"element_count": 10000, "missing_count": 0, "missing_percent": 0.0, "unexpected_count": 0, "unexpected_percent": 0.0, "unexpected_percent_total": 0.0, "unexpected_percent_nonmissing": 0.0, "partial_unexpected_list": [], "partial_unexpected_index_list": null, "partial_unexpected_counts": []}}, {"success": true, "meta": {}, "expectation_config": {"meta": {}, "expectation_type": "expect_column_values_to_not_be_null", "kwargs": {"column": "device_ip_addr", "result_format": {"result_format": "SUMMARY"}}}, "exception_info": {"raised_exception": false, "exception_message": null, "exception_traceback": null}, "result": {"element_count": 10000, "unexpected_count": 0, "unexpected_percent": 0.0, "unexpected_percent_total": 0.0, "partial_unexpected_list": []}}, {"success": true, "meta": {}, "expectation_config": {"meta": {}, "expectation_type": "expect_column_values_to_be_of_type", "kwargs": {"column": "device_ip_addr", "type_": "TEXT", "result_format": {"result_format": "SUMMARY"}}}, "exception_info": {"raised_exception": false, "exception_message": null, "exception_traceback": null}, "result": {"observed_value": "TEXT"}}, {"success": true, "meta": {}, "expectation_config": {"meta": {}, "expectation_type": "expect_column_values_to_match_regex", "kwargs": {"column": "device_ip_addr", "regex": "^\\d{1,3}\\.\\d{1,3}\\.\\d{1,3}\\.\\d{1,3}$", "result_format": {"result_format": "SUMMARY"}}}, "exception_info": {"raised_exception": false, "exception_message": null, "exception_traceback": null}, "result": {"element_count": 10000, "missing_count": 0, "missing_percent": 0.0, "unexpected_count": 0, "unexpected_percent": 0.0, "unexpected_percent_total": 0.0, "unexpected_percent_nonmissing": 0.0, "partial_unexpected_list": [], "partial_unexpected_index_list": null, "partial_unexpected_counts": []}}], "evaluation_parameters": {}}