{
  "data_asset_type": "Dataset",
  "expectation_suite_name": "sperfilyev.ods_billing.check",
  "expectations": [
    {
      "expectation_type": "expect_table_row_count_to_be_between",
      "kwargs": {
        "max_value": 20000,
        "min_value": 1000
      },
      "meta": {}
    },
    {
      "expectation_type": "expect_table_column_count_to_equal",
      "kwargs": {
        "value": 6
      },
      "meta": {}
    },
    {
      "expectation_type": "expect_table_columns_to_match_ordered_list",
      "kwargs": {
        "column_list": [
          "user_id",
          "billing_period",
          "service",
          "tariff",
          "charged_sum",
          "created_at"
        ]
      },
      "meta": {}
    },
    {
      "expectation_type": "expect_compound_columns_to_be_unique",
      "kwargs": {
        "column_list": [
          "user_id",
          "billing_period",
          "service"
        ],
        "ignore_row_if": "never"
      },
      "meta": {}
    },
    {
      "expectation_type": "expect_column_values_to_be_of_type",
      "kwargs": {
        "column": "user_id",
        "type_": "INTEGER"
      },
      "meta": {}
    },
    {
      "expectation_type": "expect_column_values_to_not_be_null",
      "kwargs": {
        "column": "user_id"
      },
      "meta": {}
    },
    {
      "expectation_type": "expect_column_proportion_of_unique_values_to_be_between",
      "kwargs": {
        "column": "user_id",
        "min_value": 0.005
      },
      "meta": {}
    },
    {
      "expectation_type": "expect_column_values_to_be_between",
      "kwargs": {
        "column": "user_id",
        "min_value": 10000
      },
      "meta": {}
    },
    {
      "expectation_type": "expect_column_values_to_not_be_null",
      "kwargs": {
        "column": "billing_period"
      },
      "meta": {}
    },
    {
      "expectation_type": "expect_column_values_to_be_of_type",
      "kwargs": {
        "column": "billing_period",
        "type_": "TEXT"
      },
      "meta": {}
    },
    {
      "expectation_type": "expect_column_proportion_of_unique_values_to_be_between",
      "kwargs": {
        "column": "billing_period",
        "max_value": 0.02,
        "min_value": 0.005
      },
      "meta": {}
    },
    {
      "expectation_type": "expect_column_values_to_match_regex",
      "kwargs": {
        "column": "billing_period",
        "regex": "^20\\d\\d-\\d\\d$"
      },
      "meta": {}
    },
    {
      "expectation_type": "expect_column_values_to_be_between",
      "kwargs": {
        "column": "billing_period",
        "max_value": "2030-01",
        "min_value": "2012-01"
      },
      "meta": {}
    },
    {
      "expectation_type": "expect_column_values_to_not_be_null",
      "kwargs": {
        "column": "service"
      },
      "meta": {}
    },
    {
      "expectation_type": "expect_column_values_to_be_of_type",
      "kwargs": {
        "column": "service",
        "type_": "TEXT"
      },
      "meta": {}
    },
    {
      "expectation_type": "expect_column_value_lengths_to_be_between",
      "kwargs": {
        "column": "service",
        "min_value": 3
      },
      "meta": {}
    },
    {
      "expectation_type": "expect_column_values_to_not_be_null",
      "kwargs": {
        "column": "tariff"
      },
      "meta": {}
    },
    {
      "expectation_type": "expect_column_values_to_be_of_type",
      "kwargs": {
        "column": "tariff",
        "type_": "TEXT"
      },
      "meta": {}
    },
    {
      "expectation_type": "expect_column_values_to_be_in_set",
      "kwargs": {
        "column": "tariff",
        "value_set": [
          "Gigabyte",
          "Maxi",
          "Megabyte",
          "Mini"
        ]
      },
      "meta": {}
    },
    {
      "expectation_type": "expect_column_values_to_not_be_null",
      "kwargs": {
        "column": "charged_sum"
      },
      "meta": {}
    },
    {
      "expectation_type": "expect_column_values_to_be_in_type_list",
      "kwargs": {
        "column": "charged_sum",
        "type_list": [
          "NUMERIC",
          "DECIMAL"
        ]
      },
      "meta": {}
    },
    {
      "expectation_type": "expect_column_values_to_be_between",
      "kwargs": {
        "column": "charged_sum",
        "max_value": 300000.0,
        "min_value": 0.01,
        "mostly": 0.99
      },
      "meta": {}
    },
    {
      "expectation_type": "expect_column_values_to_not_be_null",
      "kwargs": {
        "column": "created_at"
      },
      "meta": {}
    },
    {
      "expectation_type": "expect_column_values_to_be_in_type_list",
      "kwargs": {
        "column": "created_at",
        "type_list": [
          "DATE",
          "DATETIME",
          "TIMESTAMP"
        ]
      },
      "meta": {}
    },
    {
      "expectation_type": "expect_column_values_to_be_between",
      "kwargs": {
        "column": "created_at",
        "max_value": "2030-01-01 00:00:00",
        "min_value": "2012-01-01 00:00:00",
        "parse_strings_as_datetimes": true
      },
      "meta": {}
    }
  ],
  "meta": {
    "columns": {
      "billing_period": {
        "description": ""
      },
      "charged_sum": {
        "description": ""
      },
      "created_at": {
        "description": ""
      },
      "service": {
        "description": ""
      },
      "tariff": {
        "description": ""
      },
      "user_id": {
        "description": ""
      }
    },
    "great_expectations_version": "0.13.19"
  }
}