{"statistics": {"evaluated_expectations": 20, "successful_expectations": 18, "unsuccessful_expectations": 2, "success_percent": 90.0}, "evaluation_parameters": {}, "meta": {"great_expectations_version": "0.13.19", "expectation_suite_name": "sperfilyev.ods_issue.check", "run_id": {"run_time": "2021-05-01T15:30:55.565725+00:00", "run_name": "20210501T153055.565725Z"}, "batch_kwargs": {"data_asset_name": "sperfilyev.ods_t_issue", "datasource": "sperfilyev_db", "schema": "sperfilyev", "table": "ods_t_issue"}, "batch_markers": {"ge_load_time": "20210501T153054.888982Z"}, "batch_parameters": null, "validation_time": "20210501T153055.568726Z"}, "results": [{"exception_info": {"raised_exception": false, "exception_message": null, "exception_traceback": null}, "meta": {}, "expectation_config": {"meta": {}, "expectation_type": "expect_table_row_count_to_be_between", "kwargs": {"max_value": 11000, "min_value": 9000, "result_format": {"result_format": "SUMMARY"}}}, "result": {"observed_value": 10000}, "success": true}, {"exception_info": {"raised_exception": false, "exception_message": null, "exception_traceback": null}, "meta": {}, "expectation_config": {"meta": {}, "expectation_type": "expect_table_column_count_to_equal", "kwargs": {"value": 6, "result_format": {"result_format": "SUMMARY"}}}, "result": {"observed_value": 6}, "success": true}, {"exception_info": {"raised_exception": false, "exception_message": null, "exception_traceback": null}, "meta": {}, "expectation_config": {"meta": {}, "expectation_type": "expect_table_columns_to_match_ordered_list", "kwargs": {"column_list": ["user_id", "start_time", "end_time", "title", "description", "service"], "result_format": {"result_format": "SUMMARY"}}}, "result": {"observed_value": ["user_id", "start_time", "end_time", "title", "description", "service"]}, "success": true}, {"exception_info": {"raised_exception": false, "exception_message": null, "exception_traceback": null}, "meta": {}, "expectation_config": {"meta": {}, "expectation_type": "expect_column_values_to_not_be_null", "kwargs": {"column": "user_id", "result_format": {"result_format": "SUMMARY"}}}, "result": {"element_count": 10000, "unexpected_count": 0, "unexpected_percent": 0.0, "unexpected_percent_total": 0.0, "partial_unexpected_list": []}, "success": true}, {"exception_info": {"raised_exception": false, "exception_message": null, "exception_traceback": null}, "meta": {}, "expectation_config": {"meta": {}, "expectation_type": "expect_column_distinct_values_to_be_in_set", "kwargs": {"column": "user_id", "value_set": [10010, 10020, 10030, 10040, 10050, 10060, 10070, 10080, 10090, 10100, 10110, 10120, 10130, 10140, 10150, 10160, 10170, 10180, 10190, 10200, 10210, 10220, 10230, 10240, 10250, 10260, 10270, 10280, 10290, 10300, 10310, 10320, 10330, 10340, 10350, 10360, 10370, 10380, 10390, 10400, 10410, 10420, 10430, 10440, 10450, 10460, 10470, 10480, 10490, 10500, 10510, 10520, 10530, 10540, 10550, 10560, 10570, 10580, 10590, 10600, 10610, 10620, 10630, 10640, 10650, 10660, 10670, 10680, 10690, 10700, 10710, 10720, 10730, 10740, 10750, 10760, 10770, 10780, 10790, 10800, 10810, 10820, 10830, 10840, 10850, 10860, 10870, 10880, 10890, 10900, 10910, 10920, 10930, 10940, 10950, 10960, 10970, 10980, 10990, 11000, 11010, 11020, 11030, 11040, 11050, 11060, 11070, 11080, 11090, 11100, 11110, 11120, 11130, 11140, 11150, 11160, 11170, 11180, 11190, 11200, 11210, 11220, 11230], "result_format": {"result_format": "SUMMARY"}}}, "result": {"observed_value": [10010, 10020, 10030, 10040, 10050, 10060, 10070, 10080, 10090, 10100, 10110, 10120, 10130, 10140, 10150, 10160, 10170, 10180, 10190, 10200, 10210, 10220, 10230, 10240, 10250, 10260, 10270, 10280, 10290, 10300, 10310, 10320, 10330, 10340, 10350, 10360, 10370, 10380, 10390, 10400, 10410, 10420, 10430, 10440, 10450, 10460, 10470, 10480, 10490, 10500, 10510, 10520, 10530, 10540, 10550, 10560, 10570, 10580, 10590, 10600, 10610, 10620, 10630, 10640, 10650, 10660, 10670, 10680, 10690, 10700, 10710, 10720, 10730, 10740, 10750, 10760, 10770, 10780, 10790, 10800, 10810, 10820, 10830, 10840, 10850, 10860, 10870, 10880, 10890, 10900, 10910, 10920, 10930, 10940, 10950, 10960, 10970, 10980, 10990, 11000, 11010, 11020, 11030, 11040, 11050, 11060, 11070, 11080, 11090, 11100, 11110, 11120, 11130, 11140, 11150, 11160, 11170, 11180, 11190, 11200, 11210, 11220, 11230], "element_count": 10000, "missing_count": null, "missing_percent": null, "details": {"value_counts": [{"value": 10010, "count": 73}, {"value": 10020, "count": 82}, {"value": 10030, "count": 96}, {"value": 10040, "count": 94}, {"value": 10050, "count": 91}, {"value": 10060, "count": 82}, {"value": 10070, "count": 93}, {"value": 10080, "count": 80}, {"value": 10090, "count": 77}, {"value": 10100, "count": 82}, {"value": 10110, "count": 76}, {"value": 10120, "count": 95}, {"value": 10130, "count": 78}, {"value": 10140, "count": 85}, {"value": 10150, "count": 82}, {"value": 10160, "count": 77}, {"value": 10170, "count": 89}, {"value": 10180, "count": 92}, {"value": 10190, "count": 96}, {"value": 10200, "count": 78}, {"value": 10210, "count": 89}, {"value": 10220, "count": 71}, {"value": 10230, "count": 73}, {"value": 10240, "count": 81}, {"value": 10250, "count": 93}, {"value": 10260, "count": 81}, {"value": 10270, "count": 69}, {"value": 10280, "count": 67}, {"value": 10290, "count": 90}, {"value": 10300, "count": 89}, {"value": 10310, "count": 78}, {"value": 10320, "count": 87}, {"value": 10330, "count": 68}, {"value": 10340, "count": 74}, {"value": 10350, "count": 87}, {"value": 10360, "count": 72}, {"value": 10370, "count": 83}, {"value": 10380, "count": 95}, {"value": 10390, "count": 73}, {"value": 10400, "count": 72}, {"value": 10410, "count": 81}, {"value": 10420, "count": 83}, {"value": 10430, "count": 70}, {"value": 10440, "count": 87}, {"value": 10450, "count": 86}, {"value": 10460, "count": 95}, {"value": 10470, "count": 65}, {"value": 10480, "count": 79}, {"value": 10490, "count": 90}, {"value": 10500, "count": 90}, {"value": 10510, "count": 73}, {"value": 10520, "count": 78}, {"value": 10530, "count": 84}, {"value": 10540, "count": 60}, {"value": 10550, "count": 83}, {"value": 10560, "count": 76}, {"value": 10570, "count": 70}, {"value": 10580, "count": 83}, {"value": 10590, "count": 77}, {"value": 10600, "count": 82}, {"value": 10610, "count": 85}, {"value": 10620, "count": 73}, {"value": 10630, "count": 87}, {"value": 10640, "count": 73}, {"value": 10650, "count": 84}, {"value": 10660, "count": 97}, {"value": 10670, "count": 77}, {"value": 10680, "count": 73}, {"value": 10690, "count": 77}, {"value": 10700, "count": 80}, {"value": 10710, "count": 75}, {"value": 10720, "count": 92}, {"value": 10730, "count": 87}, {"value": 10740, "count": 91}, {"value": 10750, "count": 82}, {"value": 10760, "count": 97}, {"value": 10770, "count": 87}, {"value": 10780, "count": 72}, {"value": 10790, "count": 90}, {"value": 10800, "count": 89}, {"value": 10810, "count": 80}, {"value": 10820, "count": 65}, {"value": 10830, "count": 68}, {"value": 10840, "count": 88}, {"value": 10850, "count": 82}, {"value": 10860, "count": 75}, {"value": 10870, "count": 73}, {"value": 10880, "count": 73}, {"value": 10890, "count": 79}, {"value": 10900, "count": 83}, {"value": 10910, "count": 68}, {"value": 10920, "count": 79}, {"value": 10930, "count": 70}, {"value": 10940, "count": 76}, {"value": 10950, "count": 82}, {"value": 10960, "count": 89}, {"value": 10970, "count": 69}, {"value": 10980, "count": 84}, {"value": 10990, "count": 90}, {"value": 11000, "count": 78}, {"value": 11010, "count": 81}, {"value": 11020, "count": 90}, {"value": 11030, "count": 75}, {"value": 11040, "count": 83}, {"value": 11050, "count": 98}, {"value": 11060, "count": 90}, {"value": 11070, "count": 80}, {"value": 11080, "count": 76}, {"value": 11090, "count": 74}, {"value": 11100, "count": 80}, {"value": 11110, "count": 75}, {"value": 11120, "count": 74}, {"value": 11130, "count": 81}, {"value": 11140, "count": 95}, {"value": 11150, "count": 80}, {"value": 11160, "count": 84}, {"value": 11170, "count": 84}, {"value": 11180, "count": 83}, {"value": 11190, "count": 80}, {"value": 11200, "count": 74}, {"value": 11210, "count": 82}, {"value": 11220, "count": 79}, {"value": 11230, "count": 101}]}}, "success": true}, {"exception_info": {"raised_exception": false, "exception_message": null, "exception_traceback": null}, "meta": {}, "expectation_config": {"meta": {}, "expectation_type": "expect_column_values_to_be_unique", "kwargs": {"column": "start_time", "result_format": {"result_format": "SUMMARY"}}}, "result": {"element_count": 10000, "missing_count": 0, "missing_percent": 0.0, "unexpected_count": 9661, "unexpected_percent": 96.61, "unexpected_percent_total": 96.61, "unexpected_percent_nonmissing": 96.61, "partial_unexpected_list": ["2013-03-30T22:22:31", "2013-04-11T22:22:31", "2013-06-27T22:22:31", "2013-09-25T22:22:31", "2013-05-27T22:22:31", "2013-08-23T22:22:31", "2013-11-24T22:22:31", "2013-03-28T22:22:31", "2013-12-22T22:22:31", "2013-01-01T22:22:31", "2013-03-27T22:22:31", "2013-05-11T22:22:31", "2013-12-27T22:22:31", "2013-12-27T22:22:31", "2013-02-22T22:22:31", "2013-01-16T22:22:31", "2013-12-29T22:22:31", "2013-04-11T22:22:31", "2013-09-02T22:22:31", "2013-02-26T22:22:31"], "partial_unexpected_index_list": null, "partial_unexpected_counts": [{"value": "2013-04-11T22:22:31", "count": 2}, {"value": "2013-12-27T22:22:31", "count": 2}, {"value": "2013-01-01T22:22:31", "count": 1}, {"value": "2013-01-16T22:22:31", "count": 1}, {"value": "2013-02-22T22:22:31", "count": 1}, {"value": "2013-02-26T22:22:31", "count": 1}, {"value": "2013-03-27T22:22:31", "count": 1}, {"value": "2013-03-28T22:22:31", "count": 1}, {"value": "2013-03-30T22:22:31", "count": 1}, {"value": "2013-05-11T22:22:31", "count": 1}, {"value": "2013-05-27T22:22:31", "count": 1}, {"value": "2013-06-27T22:22:31", "count": 1}, {"value": "2013-08-23T22:22:31", "count": 1}, {"value": "2013-09-02T22:22:31", "count": 1}, {"value": "2013-09-25T22:22:31", "count": 1}, {"value": "2013-11-24T22:22:31", "count": 1}, {"value": "2013-12-22T22:22:31", "count": 1}, {"value": "2013-12-29T22:22:31", "count": 1}]}, "success": false}, {"exception_info": {"raised_exception": false, "exception_message": null, "exception_traceback": null}, "meta": {}, "expectation_config": {"meta": {}, "expectation_type": "expect_column_values_to_not_be_null", "kwargs": {"column": "start_time", "result_format": {"result_format": "SUMMARY"}}}, "result": {"element_count": 10000, "unexpected_count": 0, "unexpected_percent": 0.0, "unexpected_percent_total": 0.0, "partial_unexpected_list": []}, "success": true}, {"exception_info": {"raised_exception": false, "exception_message": null, "exception_traceback": null}, "meta": {}, "expectation_config": {"meta": {}, "expectation_type": "expect_column_values_to_be_between", "kwargs": {"column": "start_time", "max_value": "2022-03-06 22:22:31", "min_value": "2012-01-02 22:22:31", "parse_strings_as_datetimes": true, "result_format": {"result_format": "SUMMARY"}}}, "result": {"element_count": 10000, "missing_count": 0, "missing_percent": 0.0, "unexpected_count": 0, "unexpected_percent": 0.0, "unexpected_percent_total": 0.0, "unexpected_percent_nonmissing": 0.0, "partial_unexpected_list": [], "partial_unexpected_index_list": null, "partial_unexpected_counts": []}, "success": true}, {"exception_info": {"raised_exception": false, "exception_message": null, "exception_traceback": null}, "meta": {}, "expectation_config": {"meta": {}, "expectation_type": "expect_column_values_to_be_unique", "kwargs": {"column": "end_time", "result_format": {"result_format": "SUMMARY"}}}, "result": {"element_count": 10000, "missing_count": 0, "missing_percent": 0.0, "unexpected_count": 9648, "unexpected_percent": 96.48, "unexpected_percent_total": 96.48, "unexpected_percent_nonmissing": 96.48, "partial_unexpected_list": ["2021-02-24T22:22:31", "2014-05-04T22:22:31", "2018-07-15T22:22:31", "2017-04-27T22:22:31", "2015-01-25T22:22:31", "2014-04-29T22:22:31", "2020-06-17T22:22:31", "2018-03-05T22:22:31", "2014-06-29T22:22:31", "2018-10-20T22:22:31", "2016-12-11T22:22:31", "2015-06-11T22:22:31", "2013-06-23T22:22:31", "2013-01-16T22:22:31", "2018-01-02T22:22:31", "2017-02-07T22:22:31", "2013-05-02T22:22:31", "2014-11-04T22:22:31", "2016-08-10T22:22:31", "2020-02-09T22:22:31"], "partial_unexpected_index_list": null, "partial_unexpected_counts": [{"value": "2013-01-16T22:22:31", "count": 1}, {"value": "2013-05-02T22:22:31", "count": 1}, {"value": "2013-06-23T22:22:31", "count": 1}, {"value": "2014-04-29T22:22:31", "count": 1}, {"value": "2014-05-04T22:22:31", "count": 1}, {"value": "2014-06-29T22:22:31", "count": 1}, {"value": "2014-11-04T22:22:31", "count": 1}, {"value": "2015-01-25T22:22:31", "count": 1}, {"value": "2015-06-11T22:22:31", "count": 1}, {"value": "2016-08-10T22:22:31", "count": 1}, {"value": "2016-12-11T22:22:31", "count": 1}, {"value": "2017-02-07T22:22:31", "count": 1}, {"value": "2017-04-27T22:22:31", "count": 1}, {"value": "2018-01-02T22:22:31", "count": 1}, {"value": "2018-03-05T22:22:31", "count": 1}, {"value": "2018-07-15T22:22:31", "count": 1}, {"value": "2018-10-20T22:22:31", "count": 1}, {"value": "2020-02-09T22:22:31", "count": 1}, {"value": "2020-06-17T22:22:31", "count": 1}, {"value": "2021-02-24T22:22:31", "count": 1}]}, "success": false}, {"exception_info": {"raised_exception": false, "exception_message": null, "exception_traceback": null}, "meta": {}, "expectation_config": {"meta": {}, "expectation_type": "expect_column_values_to_not_be_null", "kwargs": {"column": "end_time", "result_format": {"result_format": "SUMMARY"}}}, "result": {"element_count": 10000, "unexpected_count": 0, "unexpected_percent": 0.0, "unexpected_percent_total": 0.0, "partial_unexpected_list": []}, "success": true}, {"exception_info": {"raised_exception": false, "exception_message": null, "exception_traceback": null}, "meta": {}, "expectation_config": {"meta": {}, "expectation_type": "expect_column_values_to_be_between", "kwargs": {"column": "end_time", "max_value": "2022-03-05 22:22:31", "min_value": "2012-01-02 22:22:31", "parse_strings_as_datetimes": true, "result_format": {"result_format": "SUMMARY"}}}, "result": {"element_count": 10000, "missing_count": 0, "missing_percent": 0.0, "unexpected_count": 0, "unexpected_percent": 0.0, "unexpected_percent_total": 0.0, "unexpected_percent_nonmissing": 0.0, "partial_unexpected_list": [], "partial_unexpected_index_list": null, "partial_unexpected_counts": []}, "success": true}, {"exception_info": {"raised_exception": false, "exception_message": null, "exception_traceback": null}, "meta": {}, "expectation_config": {"meta": {}, "expectation_type": "expect_column_values_to_be_unique", "kwargs": {"column": "title", "result_format": {"result_format": "SUMMARY"}}}, "result": {"element_count": 10000, "missing_count": 0, "missing_percent": 0.0, "unexpected_count": 0, "unexpected_percent": 0.0, "unexpected_percent_total": 0.0, "unexpected_percent_nonmissing": 0.0, "partial_unexpected_list": [], "partial_unexpected_index_list": null, "partial_unexpected_counts": []}, "success": true}, {"exception_info": {"raised_exception": false, "exception_message": null, "exception_traceback": null}, "meta": {}, "expectation_config": {"meta": {}, "expectation_type": "expect_column_values_to_not_be_null", "kwargs": {"column": "title", "result_format": {"result_format": "SUMMARY"}}}, "result": {"element_count": 10000, "unexpected_count": 0, "unexpected_percent": 0.0, "unexpected_percent_total": 0.0, "partial_unexpected_list": []}, "success": true}, {"exception_info": {"raised_exception": false, "exception_message": null, "exception_traceback": null}, "meta": {}, "expectation_config": {"meta": {}, "expectation_type": "expect_column_value_lengths_to_be_between", "kwargs": {"column": "title", "min_value": 1, "result_format": {"result_format": "SUMMARY"}}}, "result": {"element_count": 10000, "missing_count": 0, "missing_percent": 0.0, "unexpected_count": 0, "unexpected_percent": 0.0, "unexpected_percent_total": 0.0, "unexpected_percent_nonmissing": 0.0, "partial_unexpected_list": [], "partial_unexpected_index_list": null, "partial_unexpected_counts": []}, "success": true}, {"exception_info": {"raised_exception": false, "exception_message": null, "exception_traceback": null}, "meta": {}, "expectation_config": {"meta": {}, "expectation_type": "expect_column_values_to_be_unique", "kwargs": {"column": "description", "result_format": {"result_format": "SUMMARY"}}}, "result": {"element_count": 10000, "missing_count": 0, "missing_percent": 0.0, "unexpected_count": 0, "unexpected_percent": 0.0, "unexpected_percent_total": 0.0, "unexpected_percent_nonmissing": 0.0, "partial_unexpected_list": [], "partial_unexpected_index_list": null, "partial_unexpected_counts": []}, "success": true}, {"exception_info": {"raised_exception": false, "exception_message": null, "exception_traceback": null}, "meta": {}, "expectation_config": {"meta": {}, "expectation_type": "expect_column_values_to_not_be_null", "kwargs": {"column": "description", "result_format": {"result_format": "SUMMARY"}}}, "result": {"element_count": 10000, "unexpected_count": 0, "unexpected_percent": 0.0, "unexpected_percent_total": 0.0, "partial_unexpected_list": []}, "success": true}, {"exception_info": {"raised_exception": false, "exception_message": null, "exception_traceback": null}, "meta": {}, "expectation_config": {"meta": {}, "expectation_type": "expect_column_value_lengths_to_be_between", "kwargs": {"column": "description", "min_value": 1, "result_format": {"result_format": "SUMMARY"}}}, "result": {"element_count": 10000, "missing_count": 0, "missing_percent": 0.0, "unexpected_count": 0, "unexpected_percent": 0.0, "unexpected_percent_total": 0.0, "unexpected_percent_nonmissing": 0.0, "partial_unexpected_list": [], "partial_unexpected_index_list": null, "partial_unexpected_counts": []}, "success": true}, {"exception_info": {"raised_exception": false, "exception_message": null, "exception_traceback": null}, "meta": {}, "expectation_config": {"meta": {}, "expectation_type": "expect_column_values_to_not_be_null", "kwargs": {"column": "service", "result_format": {"result_format": "SUMMARY"}}}, "result": {"element_count": 10000, "unexpected_count": 0, "unexpected_percent": 0.0, "unexpected_percent_total": 0.0, "partial_unexpected_list": []}, "success": true}, {"exception_info": {"raised_exception": false, "exception_message": null, "exception_traceback": null}, "meta": {}, "expectation_config": {"meta": {}, "expectation_type": "expect_column_distinct_values_to_be_in_set", "kwargs": {"column": "service", "value_set": ["Connect", "Disconnect", "Setup Environment"], "result_format": {"result_format": "SUMMARY"}}}, "result": {"observed_value": ["Connect", "Disconnect", "Setup Environment"], "element_count": 10000, "missing_count": null, "missing_percent": null, "details": {"value_counts": [{"value": "Connect", "count": 3299}, {"value": "Disconnect", "count": 3346}, {"value": "Setup Environment", "count": 3355}]}}, "success": true}, {"exception_info": {"raised_exception": false, "exception_message": null, "exception_traceback": null}, "meta": {}, "expectation_config": {"meta": {}, "expectation_type": "expect_column_kl_divergence_to_be_less_than", "kwargs": {"column": "service", "partition_object": {"values": ["Connect", "Disconnect", "Setup Environment"], "weights": [0.3299, 0.3346, 0.3355]}, "threshold": 0.6, "result_format": {"result_format": "SUMMARY"}}}, "result": {"observed_value": 0.0, "element_count": 10000, "missing_count": null, "missing_percent": null, "details": {"observed_partition": {"values": ["Connect", "Disconnect", "Setup Environment"], "weights": [0.3299, 0.3346, 0.3355]}, "expected_partition": {"values": ["Connect", "Disconnect", "Setup Environment"], "weights": [0.3299, 0.3346, 0.3355]}}}, "success": true}], "success": false}